hpo_id,hpo_label,snomed_ct_us,cardinality,loss_modifier_dim,loss_granularity
HP:0000003,Multicystic kidney dysplasia,204962002,narrow,,yes
HP:0000003,Multicystic kidney dysplasia,82525005,broad,,yes
HP:0000006,Autosomal dominant inheritance,263681008,exact,,no
HP:0000007,Autosomal recessive inheritance,258211005,exact,,no
HP:0000010,Recurrent urinary tract infections,197927001,exact,,no
HP:0000011,Neurogenic bladder,397732007,narrow,,yes
HP:0000011,Neurogenic bladder,398064005,narrow,,yes
HP:0000012,Urinary urgency,75088002,exact,,no
HP:0000013,Hypoplasia of the uterus,35850006,exact,,no
HP:0000015,Bladder diverticulum,197866008,exact,,no
HP:0000016,Urinary retention,130951007,narrow,,yes
HP:0000016,Urinary retention,267064002,narrow,,yes
HP:0000016,Urinary retention,449491000124101,narrow,,yes
HP:0000017,Nocturia,139394000,exact,,no
HP:0000019,Urinary hesitancy,5972002,exact,,no
HP:0000020,Urinary incontinence,165232002,exact,,no
HP:0000023,Inguinal hernia,396232000,exact,,no
HP:0000024,Prostatitis,9713002,exact,,no
HP:0000026,Male hypogonadism,48723006,broad,,yes
HP:0000027,Azoospermia,425558002,narrow,,yes
HP:0000027,Azoospermia,48188009,narrow,,yes
HP:0000028,Cryptorchidism,204878001,exact,,no
HP:0000029,Testicular atrophy,17585008,exact,,no
HP:0000031,Epididymitis,31070006,exact,,no
HP:0000034,Hydrocele testis,26614003,broad,,yes
HP:0000034,Hydrocele testis,386152007,broad,,yes
HP:0000034,Hydrocele testis,55434001,broad,,yes
HP:0000035,Abnormal testis morphology,55631001,exact,,no
HP:0000037,Male pseudohermaphroditism,111332007,exact,,no
HP:0000039,Epispadias,406477003,exact,,no
HP:0000040,Long penis,88673001,exact,,no
HP:0000041,Chordee,4287008,exact,,no
HP:0000044,Hypogonadotropic hypogonadism,33927004,broad,,yes
HP:0000046,Small scrotum,204912007,exact,,no
HP:0000047,Hypospadias,204888000,broad,,yes
HP:0000048,Bifid scrotum,236780002,exact,,no
HP:0000051,Perineal hypospadias,204890004,exact,,no
HP:0000054,Micropenis,34911001,broad,,yes
HP:0000059,Hypoplastic labia majora,289469003,exact,,no
HP:0000062,Ambiguous genitalia,21321009,exact,,no
HP:0000065,Labial hypertrophy,16924008,exact,,no
HP:0000070,Ureterocele,12818004,exact,,no
HP:0000071,Ureteral stenosis,95574003,exact,,no
HP:0000072,Hydroureter,69758005,narrow,,yes
HP:0000072,Hydroureter,95576001,broad,,yes
HP:0000073,Ureteral duplication,49496001,broad,,yes
HP:0000074,Ureteropelvic junction obstruction,95575002,exact,,no
HP:0000075,Renal duplication,30275001,exact,,no
HP:0000076,Vesicoureteral reflux,197811007,exact,,no
HP:0000077,Abnormality of the kidney,44513007,broad,,yes
HP:0000077,Abnormality of the kidney,90708001,broad,,yes
HP:0000083,Renal insufficiency,236423003,narrow,,yes
HP:0000083,Renal insufficiency,42399005,narrow,,yes
HP:0000085,Horseshoe kidney,41729002,exact,,no
HP:0000086,Ectopic kidney,16507009,exact,,no
HP:0000089,Renal hypoplasia,32659003,exact,,no
HP:0000090,Nephronophthisis,204958008,broad,,yes
HP:0000093,Proteinuria,29738008,exact,,no
HP:0000096,Glomerular sclerosis,197661001,narrow,,yes
HP:0000096,Glomerular sclerosis,82646005,narrow,,yes
HP:0000097,Focal segmental glomerulosclerosis,236403004,narrow,,yes
HP:0000097,Focal segmental glomerulosclerosis,25821008,narrow,,yes
HP:0000098,Tall stature,248328003,exact,,no
HP:0000099,Glomerulonephritis,36171008,exact,,no
HP:0000100,Nephrotic syndrome,52254009,exact,,no
HP:0000103,Polyuria,28442001,narrow,,yes
HP:0000103,Polyuria,56574000,narrow,,yes
HP:0000103,Polyuria,718402002,narrow,,yes
HP:0000104,Renal agenesis,204942005,exact,,no
HP:0000105,Enlarged kidney,300444006,exact,,no
HP:0000110,Renal dysplasia,204949001,exact,,no
HP:0000112,Nephropathy,90708001,broad,,yes
HP:0000113,Polycystic kidney dysplasia,82525005,broad,,yes
HP:0000119,Abnormality of the genitourinary system,287085006,narrow,,yes
HP:0000119,Abnormality of the genitourinary system,42030000,narrow,,yes
HP:0000121,Nephrocalcinosis,48638002,exact,,no
HP:0000122,Unilateral renal agenesis,55726006,exact,,no
HP:0000123,Nephritis,52845002,exact,,no
HP:0000124,Renal tubular dysfunction,95568003,exact,,no
HP:0000125,Pelvic kidney,56108007,exact,,no
HP:0000126,Hydronephrosis,43064006,exact,,no
HP:0000130,Abnormality of the uterus,37849005,exact,,no
HP:0000131,Uterine leiomyoma,146801000119103,narrow,,yes
HP:0000131,Uterine leiomyoma,44598004,narrow,,yes
HP:0000131,Uterine leiomyoma,95315005,narrow,,yes
HP:0000132,Menorrhagia,386692008,exact,,no
HP:0000133,Gonadal dysgenesis,205681004,narrow,,yes
HP:0000133,Gonadal dysgenesis,38804009,narrow,,yes
HP:0000133,Gonadal dysgenesis,83579008,narrow,,yes
HP:0000133,Gonadal dysgenesis,95219002,narrow,,yes
HP:0000134,Female hypogonadism,16041008,exact,,no
HP:0000135,Hypogonadism,48130008,exact,,no
HP:0000137,Abnormality of the ovary,5552004,exact,,no
HP:0000138,Ovarian cyst,79883001,exact,,no
HP:0000139,Uterine prolapse,24976005,exact,,no
HP:0000143,Rectovaginal fistula,65619001,exact,,no
HP:0000144,Decreased fertility,17276009,exact,,no
HP:0000147,Polycystic ovaries,69878008,exact,,no
HP:0000148,Vaginal atresia,87380008,broad,,yes
HP:0000149,Ovarian gonadoblastoma,716594002,exact,,no
HP:0000150,Gonadoblastoma,74751003,exact,,no
HP:0000151,Aplasia of the uterus,248942000,exact,,no
HP:0000153,Abnormality of the mouth,128334002,exact,,no
HP:0000154,Wide mouth,40159009,exact,,no
HP:0000155,Oral ulcer,26284000,exact,,no
HP:0000158,Macroglossia,25273001,exact,,no
HP:0000160,Narrow mouth,14582003,exact,,no
HP:0000162,Glossoptosis,3639002,exact,,no
HP:0000164,Abnormality of the dentition,422775003,broad,,yes
HP:0000169,Gingival fibromatosis,109620006,narrow,,yes
HP:0000169,Gingival fibromatosis,58569000,narrow,,yes
HP:0000171,Microglossia,249380003,narrow,,yes
HP:0000171,Microglossia,32614006,narrow,,yes
HP:0000175,Cleft palate,63567004,narrow,laterality,yes
HP:0000175,Cleft palate,87979003,narrow,laterality,yes
HP:0000176,Submucous cleft hard palate,43437003,exact,laterality,no
HP:0000180,Lobulated tongue,253752000,exact,,no
HP:0000185,Cleft soft palate,253997002,exact,laterality,no
HP:0000193,Bifid uvula,18910001,exact,,no
HP:0000194,Open mouth,262016004,exact,,no
HP:0000200,Short lingual frenulum,249388005,exact,,no
HP:0000201,Pierre-Robin sequence,4602007,exact,,no
HP:0000202,Orofacial cleft,253983005,narrow,laterality,yes
HP:0000202,Orofacial cleft,66948001,narrow,laterality,yes
HP:0000204,Cleft upper lip,80281008,exact,laterality,no
HP:0000206,Glossitis,45534005,exact,,no
HP:0000211,Trismus,87866006,exact,,no
HP:0000212,Gingival overgrowth,441787004,narrow,,yes
HP:0000212,Gingival overgrowth,441798003,narrow,,yes
HP:0000212,Gingival overgrowth,54711002,narrow,,yes
HP:0000217,Xerostomia,300268000,narrow,,yes
HP:0000217,Xerostomia,56893005,narrow,,yes
HP:0000217,Xerostomia,87715008,narrow,,yes
HP:0000218,High palate,27272007,exact,,no
HP:0000220,Velopharyngeal insufficiency,229727006,narrow,,yes
HP:0000220,Velopharyngeal insufficiency,232416001,narrow,,yes
HP:0000220,Velopharyngeal insufficiency,278714002,narrow,,yes
HP:0000221,Furrowed tongue,52368004,exact,,no
HP:0000224,Hypogeusia,697990000,exact,,no
HP:0000225,Gingival bleeding,86276007,exact,,no
HP:0000230,Gingivitis,66383009,exact,,no
HP:0000233,Thin vermilion border,301348000,exact,,no
HP:0000238,Hydrocephalus,230745008,exact,,no
HP:0000239,Large fontanelles,276709006,exact,,no
HP:0000243,Trigonocephaly,28740008,exact,,no
HP:0000246,Sinusitis,36971009,narrow,,yes
HP:0000246,Sinusitis,7393007,narrow,,yes
HP:0000248,Brachycephaly,13649004,exact,,no
HP:0000252,Microcephaly,271611007,broad,,yes
HP:0000255,Acute sinusitis,15805002,exact,,no
HP:0000262,Turricephaly,48069004,exact,,no
HP:0000268,Dolichocephaly,72239002,exact,,no
HP:0000270,Delayed cranial suture closure,82779003,exact,,no
HP:0000271,Abnormality of the face,118930001,narrow,,yes
HP:0000271,Abnormality of the face,32003007,broad,,yes
HP:0000271,Abnormality of the face,398206004,broad,,yes
HP:0000271,Abnormality of the face,398302004,broad,,yes
HP:0000273,Facial grimacing,37126005,exact,,no
HP:0000282,Facial edema,445088006,exact,,no
HP:0000298,Mask-like facies,103606006,exact,,no
HP:0000303,Mandibular prognathia,109504005,narrow,,yes
HP:0000303,Mandibular prognathia,22810007,narrow,,yes
HP:0000316,Hypertelorism,194021007,narrow,,yes
HP:0000316,Hypertelorism,22006008,narrow,,yes
HP:0000317,Facial myokymia,1070000,exact,,no
HP:0000324,Facial asymmetry,15253005,exact,,no
HP:0000331,Short chin,699439001,exact,,no
HP:0000338,Hypomimic face,248149005,exact,,no
HP:0000347,Micrognathia,32958008,exact,,no
HP:0000356,Abnormality of the outer ear,275259005,broad,,yes
HP:0000358,Posteriorly rotated ears,253251006,exact,,no
HP:0000360,Tinnitus,162349004,narrow,,yes
HP:0000360,Tinnitus,162352007,narrow,,yes
HP:0000360,Tinnitus,60862001,narrow,,yes
HP:0000362,Otosclerosis,11543004,exact,,no
HP:0000365,Hearing impairment,103276001,narrow,,yes
HP:0000365,Hearing impairment,15188001,narrow,,yes
HP:0000365,Hearing impairment,343087000,narrow,,yes
HP:0000365,Hearing impairment,95828007,narrow,,yes
HP:0000366,Abnormality of the nose,128274005,narrow,,yes
HP:0000366,Abnormality of the nose,72089000,narrow,,yes
HP:0000369,Low-set ears,95515009,exact,,no
HP:0000371,Acute otitis media,3110003,exact,,no
HP:0000377,Abnormal pinna morphology,253255002,exact,,no
HP:0000388,Otitis media,65363002,exact,,no
HP:0000389,Chronic otitis media,21186006,exact,,no
HP:0000394,Lop ear,76223006,exact,,no
HP:0000400,Macrotia,275480001,narrow,,yes
HP:0000400,Macrotia,69056000,narrow,,yes
HP:0000402,Stenosis of the external auditory canal,300127002,narrow,,yes
HP:0000402,Stenosis of the external auditory canal,301061006,narrow,,yes
HP:0000405,Conductive hearing impairment,44057004,exact,,no
HP:0000407,Sensorineural hearing impairment,60700002,exact,,no
HP:0000410,Mixed hearing impairment,77507001,exact,,no
HP:0000411,Protruding ear,275478007,exact,,no
HP:0000419,Abnormal nasal septum morphology,95433000,exact,,no
HP:0000421,Epistaxis,12441001,narrow,,yes
HP:0000421,Epistaxis,249366005,narrow,,yes
HP:0000431,Wide nasal bridge,249321001,broad,,yes
HP:0000445,Wide nose,249321001,broad,,yes
HP:0000448,Prominent nose,249311009,exact,,no
HP:0000452,Choanal stenosis,306963008,exact,,no
HP:0000453,Choanal atresia,204508009,exact,,no
HP:0000454,Flared nostrils,21558008,broad,,yes
HP:0000454,Flared nostrils,248568003,broad,,yes
HP:0000455,Broad nasal tip,249327002,exact,,no
HP:0000456,Bifid nasal tip,249326006,exact,,no
HP:0000458,Anosmia,44169009,exact,,no
HP:0000460,Narrow nose,249322008,exact,,no
HP:0000463,Anteverted nares,708670007,exact,,no
HP:0000464,Abnormality of the neck,298390003,narrow,,yes
HP:0000464,Abnormality of the neck,40052002,narrow,,yes
HP:0000465,Webbed neck,11731003,exact,,no
HP:0000470,Short neck,95427009,exact,,no
HP:0000473,Torticollis,270476009,narrow,,yes
HP:0000473,Torticollis,70070008,narrow,,yes
HP:0000473,Torticollis,74333002,narrow,,yes
HP:0000476,Cystic hygroma,399882002,narrow,,yes
HP:0000476,Cystic hygroma,40225001,narrow,,yes
HP:0000476,Cystic hygroma,423984004,narrow,,yes
HP:0000478,Abnormality of the eye,19416009,narrow,,yes
HP:0000478,Abnormality of the eye,371405004,narrow,,yes
HP:0000478,Abnormality of the eye,371409005,narrow,,yes
HP:0000479,Abnormal retinal morphology,29555009,broad,,yes
HP:0000482,Microcornea,26098002,exact,,no
HP:0000483,Astigmatism,82649003,exact,,no
HP:0000484,Hyperopic astigmatism,449734001,exact,,no
HP:0000485,Megalocornea,204118005,narrow,,yes
HP:0000485,Megalocornea,268158009,narrow,,yes
HP:0000486,Strabismus,128602000,narrow,,yes
HP:0000486,Strabismus,22066006,narrow,,yes
HP:0000488,Retinopathy,29555009,broad,,yes
HP:0000490,Deeply set eye,246923005,narrow,,yes
HP:0000490,Deeply set eye,80093006,narrow,,yes
HP:0000491,Keratitis,5888003,exact,,no
HP:0000494,Downslanted palpebral fissures,246800008,exact,,no
HP:0000495,Recurrent corneal erosions,2055003,narrow,,yes
HP:0000495,Recurrent corneal erosions,91514001,broad,,yes
HP:0000496,Abnormality of eye movement,103252009,exact,,no
HP:0000498,Blepharitis,231796003,narrow,,yes
HP:0000498,Blepharitis,41446000,narrow,,yes
HP:0000501,Glaucoma,23986001,exact,,no
HP:0000505,Visual impairment,246635007,narrow,,yes
HP:0000505,Visual impairment,397540003,narrow,,yes
HP:0000505,Visual impairment,7973008,broad,,yes
HP:0000506,Telecanthus,246803005,exact,,no
HP:0000508,Ptosis,11934000,exact,,no
HP:0000509,Conjunctivitis,9826008,exact,,no
HP:0000510,Rod-cone dystrophy,28835009,broad,,yes
HP:0000511,Vertical supranuclear gaze palsy,246773002,exact,,no
HP:0000512,Abnormal electroretinogram,274524001,exact,,no
HP:0000514,Slow saccadic eye movements,404686001,exact,,no
HP:0000517,Abnormal lens morphology,10810001,exact,,no
HP:0000518,Cataract,128306009,narrow,,yes
HP:0000518,Cataract,193570009,narrow,,yes
HP:0000518,Cataract,247053007,narrow,,yes
HP:0000519,Developmental cataract,609587005,narrow,,yes
HP:0000519,Developmental cataract,79410001,narrow,,yes
HP:0000520,Proptosis,18265008,exact,,no
HP:0000522,Alacrima,253215004,exact,,no
HP:0000523,Subcapsular cataract,95723009,exact,,no
HP:0000524,Conjunctival telangiectasia,231870008,exact,,no
HP:0000526,Aniridia,69278003,exact,,no
HP:0000528,Anophthalmia,204099004,narrow,,yes
HP:0000528,Anophthalmia,7183006,narrow,,yes
HP:0000533,Chorioretinal atrophy,95686007,exact,,no
HP:0000537,Epicanthus inversus,400956000,exact,,no
HP:0000538,Pseudopapilledema,57138009,exact,,no
HP:0000540,Hypermetropia,38101003,exact,,no
HP:0000541,Retinal detachment,42059000,exact,,no
HP:0000543,Optic disc pallor,302200001,exact,,no
HP:0000544,External ophthalmoplegia,19373007,narrow,,yes
HP:0000544,External ophthalmoplegia,46252003,broad,,yes
HP:0000545,Myopia,57190000,exact,,no
HP:0000546,Retinal degeneration,95695004,exact,,no
HP:0000551,Color vision defect,23289000,narrow,,yes
HP:0000551,Color vision defect,367469000,narrow,,yes
HP:0000552,Tritanomaly,51886007,narrow,,yes
HP:0000552,Tritanomaly,85049009,narrow,,yes
HP:0000554,Uveitis,128473001,exact,,no
HP:0000555,Leukocoria,1361009,exact,,no
HP:0000556,Retinal dystrophy,314407005,exact,,no
HP:0000558,Rieger anomaly,47507006,exact,,no
HP:0000559,Corneal scarring,95726001,exact,,no
HP:0000563,Keratoconus,65636009,exact,,no
HP:0000564,Lacrimal duct atresia,278530008,exact,,no
HP:0000565,Esotropia,16596007,exact,,no
HP:0000567,Chorioretinal coloboma,39302008,exact,,no
HP:0000568,Microphthalmia,204108000,narrow,,yes
HP:0000568,Microphthalmia,61142002,narrow,,yes
HP:0000571,Hypometric saccades,246768008,exact,,no
HP:0000572,Visual loss,7973008,broad,,yes
HP:0000573,Retinal hemorrhage,28998008,exact,,no
HP:0000575,Scotoma,23388006,narrow,,yes
HP:0000575,Scotoma,81016008,narrow,,yes
HP:0000576,Centrocecal scotoma,33014001,exact,,no
HP:0000577,Exotropia,399054005,narrow,,yes
HP:0000577,Exotropia,399252000,narrow,,yes
HP:0000579,Nasolacrimal duct obstruction,231841004,broad,,yes
HP:0000579,Nasolacrimal duct obstruction,246865000,narrow,,yes
HP:0000579,Nasolacrimal duct obstruction,314022009,narrow,,yes
HP:0000579,Nasolacrimal duct obstruction,416920000,narrow,,yes
HP:0000580,Pigmentary retinopathy,28835009,broad,,yes
HP:0000582,Upslanted palpebral fissure,246799009,exact,,no
HP:0000585,Band keratopathy,35055000,broad,,yes
HP:0000588,Optic disc coloboma,17541006,narrow,,yes
HP:0000588,Optic disc coloboma,44295002,narrow,,yes
HP:0000589,Coloboma,92828000,narrow,,yes
HP:0000589,Coloboma,93390002,narrow,,yes
HP:0000590,Progressive external ophthalmoplegia,46252003,broad,,yes
HP:0000592,Blue sclerae,204164000,exact,,no
HP:0000593,Abnormal anterior chamber morphology,204142009,exact,,no
HP:0000594,Shallow anterior chamber,246986004,exact,,no
HP:0000598,Abnormality of the ear,275259005,broad,,yes
HP:0000601,Hypotelorism,44593008,exact,,no
HP:0000602,Ophthalmoplegia,16110005,exact,,no
HP:0000603,Central scotoma,38950008,exact,,no
HP:0000605,Supranuclear gaze palsy,420675003,exact,,no
HP:0000609,Optic nerve hypoplasia,95499004,exact,,no
HP:0000613,Photophobia,246622003,narrow,,yes
HP:0000613,Photophobia,409668002,narrow,,yes
HP:0000615,Abnormal pupil morphology,274093008,exact,,no
HP:0000616,Miosis,63251006,exact,,no
HP:0000618,Blindness,65956007,exact,,no
HP:0000619,Impaired convergence,194131002,exact,,no
HP:0000620,Dacryocystitis,85777005,exact,,no
HP:0000621,Entropion,33168009,exact,,no
HP:0000622,Blurred vision,111516008,narrow,,yes
HP:0000622,Blurred vision,246636008,narrow,,yes
HP:0000625,Eyelid coloboma,95202004,exact,,no
HP:0000627,Posterior embryotoxon,253228006,narrow,,yes
HP:0000627,Posterior embryotoxon,392437005,narrow,,yes
HP:0000631,Retinal arterial tortuosity,247123003,exact,,no
HP:0000635,Blue irides,301952009,exact,,no
HP:0000639,Nystagmus,563001,exact,,no
HP:0000640,Gaze-evoked nystagmus,29356006,exact,,no
HP:0000642,Red-green dyschromatopsia,246674000,broad,,yes
HP:0000642,Red-green dyschromatopsia,77479002,broad,,yes
HP:0000643,Blepharospasm,59026006,exact,,no
HP:0000646,Amblyopia,387742006,exact,,no
HP:0000648,Optic atrophy,76976005,exact,,no
HP:0000649,Abnormality of visual evoked potentials,102968003,exact,,no
HP:0000651,Diplopia,24982008,exact,,no
HP:0000656,Ectropion,127559009,narrow,,yes
HP:0000656,Ectropion,62909004,narrow,,yes
HP:0000657,Oculomotor apraxia,193662007,exact,,no
HP:0000658,Eyelid apraxia,423142006,exact,,no
HP:0000659,Peters anomaly,204153003,exact,,no
HP:0000660,Lipemia retinalis,95692001,exact,,no
HP:0000662,Nyctalopia,65194006,exact,,no
HP:0000664,Synophrys,253207002,exact,,no
HP:0000666,Horizontal nystagmus,81756001,exact,,no
HP:0000667,Phthisis bulbi,4229009,exact,,no
HP:0000668,Hypodontia,64969001,exact,,no
HP:0000670,Carious teeth,80967001,exact,,no
HP:0000674,Anodontia,16958000,narrow,,yes
HP:0000674,Anodontia,26624006,narrow,,yes
HP:0000678,Dental crowding,12351004,narrow,,yes
HP:0000678,Dental crowding,699222000,narrow,,yes
HP:0000679,Taurodontia,51744007,exact,,no
HP:0000684,Delayed eruption of teeth,5639000,exact,,no
HP:0000689,Dental malocclusion,47944004,narrow,,yes
HP:0000689,Dental malocclusion,707598004,narrow,,yes
HP:0000691,Microdontia,32337007,exact,,no
HP:0000694,Odontodysplasia,67504007,exact,,no
HP:0000695,Natal tooth,21995002,narrow,,yes
HP:0000695,Natal tooth,58748004,narrow,,yes
HP:0000698,Conical tooth,29553002,exact,,no
HP:0000699,Diastema,35591002,exact,,no
HP:0000700,Periapical bone loss,81407003,narrow,,yes
HP:0000700,Periapical bone loss,89988002,narrow,,yes
HP:0000703,Dentinogenesis imperfecta,196286005,exact,,no
HP:0000705,Amelogenesis imperfecta,78494001,exact,,no
HP:0000706,Eruption failure,109542004,exact,,no
HP:0000707,Abnormality of the nervous system,88425004,exact,,no
HP:0000708,Atypical behavior,25786006,narrow,,yes
HP:0000708,Atypical behavior,277843001,narrow,,yes
HP:0000709,Psychosis,69322001,exact,,no
HP:0000711,Restlessness,162221009,exact,,no
HP:0000712,Emotional lability,18963009,exact,,no
HP:0000713,Agitation,24199005,exact,,no
HP:0000716,Depression,21061000119107,narrow,,yes
HP:0000716,Depression,35489007,narrow,,yes
HP:0000716,Depression,78667006,narrow,,yes
HP:0000717,Autism,408856003,narrow,,yes
HP:0000717,Autism,408857007,narrow,,yes
HP:0000717,Autism,43614003,narrow,,yes
HP:0000718,Aggressive behavior,248004009,broad,,yes
HP:0000718,Aggressive behavior,61372001,narrow,,yes
HP:0000719,Inappropriate behavior,112082005,exact,,no
HP:0000722,Compulsive behaviors,12479006,narrow,,yes
HP:0000722,Compulsive behaviors,191736004,narrow,,yes
HP:0000726,Dementia,52448006,exact,,no
HP:0000727,Frontal lobe dementia,278857002,exact,,no
HP:0000733,Motor stereotypy,5507002,narrow,,yes
HP:0000733,Motor stereotypy,84328007,narrow,,yes
HP:0000734,Disinhibition,247977003,exact,,no
HP:0000736,Short attention span,247762003,exact,,no
HP:0000738,Hallucinations,7011001,exact,,no
HP:0000739,Anxiety,48694002,exact,,no
HP:0000741,Apathy,20602000,exact,,no
HP:0000742,Self-mutilation,130968006,exact,,no
HP:0000745,Abnormal diminished volition,277521002,exact,,no
HP:0000746,Delusion,2073000,exact,,no
HP:0000748,Inappropriate laughter,247985007,exact,,no
HP:0000750,Delayed speech and language development,162294008,narrow,,yes
HP:0000750,Delayed speech and language development,229721007,narrow,,yes
HP:0000750,Delayed speech and language development,29164008,narrow,,yes
HP:0000750,Delayed speech and language development,62415009,narrow,,yes
HP:0000751,Personality changes,102943000,narrow,,yes
HP:0000751,Personality changes,192073007,narrow,,yes
HP:0000752,Hyperactivity,44548000,broad,,yes
HP:0000756,Agoraphobia,247830007,narrow,,yes
HP:0000756,Agoraphobia,70691001,narrow,,yes
HP:0000757,Lack of insight,24340004,exact,,no
HP:0000759,Abnormal peripheral nervous system morphology,302226006,broad,,yes
HP:0000759,Abnormal peripheral nervous system morphology,42658009,broad,,yes
HP:0000763,Sensory neuropathy,95662005,exact,,no
HP:0000767,Pectus excavatum,391987005,exact,,no
HP:0000768,Pectus carinatum,205101001,exact,,no
HP:0000771,Gynecomastia,4754008,exact,,no
HP:0000773,Short ribs,249696007,exact,,no
HP:0000774,Narrow chest,249671009,exact,,no
HP:0000776,Congenital diaphragmatic hernia,17190001,exact,,no
HP:0000777,Abnormal thymus morphology,93297002,broad,,yes
HP:0000778,Hypoplasia of the thymus,93297002,broad,,yes
HP:0000786,Primary amenorrhea,8913004,exact,,no
HP:0000789,Infertility,15296000,narrow,,yes
HP:0000789,Infertility,8619003,narrow,,yes
HP:0000790,Hematuria,34436003,narrow,,yes
HP:0000790,Hematuria,53298000,narrow,,yes
HP:0000791,Uric acid nephrolithiasis,267441009,exact,,no
HP:0000793,Membranoproliferative glomerulonephritis,80321008,exact,,no
HP:0000794,IgA deposition in the glomerulus,236407003,narrow,,yes
HP:0000794,IgA deposition in the glomerulus,68779003,narrow,,yes
HP:0000796,Urethral obstruction,95588004,exact,,no
HP:0000802,Impotence,397803000,exact,,no
HP:0000805,Enuresis,8009008,broad,,yes
HP:0000807,Glanular hypospadias,204891000,narrow,,yes
HP:0000807,Glanular hypospadias,429631000124104,narrow,,yes
HP:0000808,Penoscrotal hypospadias,204889008,exact,,no
HP:0000813,Bicornuate uterus,31401003,exact,,no
HP:0000815,Hypergonadotropic hypogonadism,370999003,exact,,no
HP:0000817,Reduced eye contact,412786000,exact,,no
HP:0000818,Abnormality of the endocrine system,362969004,exact,,no
HP:0000819,Diabetes mellitus,73211009,exact,,no
HP:0000820,Abnormality of the thyroid gland,14304000,exact,,no
HP:0000821,Hypothyroidism,40930008,exact,,no
HP:0000822,Hypertension,24184005,narrow,,yes
HP:0000822,Hypertension,38341003,narrow,,yes
HP:0000823,Delayed puberty,123526007,narrow,,yes
HP:0000823,Delayed puberty,400003000,narrow,,yes
HP:0000824,Decreased response to growth hormone stimulation test,2109003,exact,,no
HP:0000826,Precocious puberty,123527003,narrow,onset,yes
HP:0000826,Precocious puberty,400179000,narrow,onset,yes
HP:0000828,Abnormality of the parathyroid gland,73132005,exact,,no
HP:0000829,Hypoparathyroidism,36976004,exact,,no
HP:0000832,Primary hypothyroidism,111566002,exact,,no
HP:0000834,Abnormality of the adrenal glands,30171000,exact,,no
HP:0000835,Adrenal hypoplasia,237774001,exact,,no
HP:0000836,Hyperthyroidism,34486009,exact,,no
HP:0000839,Pituitary dwarfism,367460001,narrow,,yes
HP:0000839,Pituitary dwarfism,7530009,narrow,,yes
HP:0000840,Adrenogenital syndrome,237751000,broad,,yes
HP:0000840,Adrenogenital syndrome,267395000,narrow,,yes
HP:0000840,Adrenogenital syndrome,271077003,narrow,,yes
HP:0000842,Hyperinsulinemia,83469008,exact,,no
HP:0000843,Hyperparathyroidism,66999008,exact,,no
HP:0000845,Elevated circulating growth hormone concentration,74107003,exact,,no
HP:0000846,Adrenal insufficiency,111563005,narrow,,yes
HP:0000846,Adrenal insufficiency,237785004,narrow,,yes
HP:0000846,Adrenal insufficiency,386584007,broad,,yes
HP:0000851,Congenital hypothyroidism,190268003,narrow,,yes
HP:0000851,Congenital hypothyroidism,217710005,narrow,,yes
HP:0000852,Pseudohypoparathyroidism,58976002,exact,,no
HP:0000853,Goiter,3716002,exact,,no
HP:0000854,Thyroid adenoma,255033000,broad,,yes
HP:0000854,Thyroid adenoma,255034006,broad,,yes
HP:0000855,Insulin resistance,48606007,exact,,no
HP:0000858,Irregular menstruation,80182007,exact,,no
HP:0000859,Increased circulating aldosterone concentration,88213004,exact,,no
HP:0000863,Central diabetes insipidus,45369008,exact,,no
HP:0000867,Secondary hyperparathyroidism,91478007,exact,,no
HP:0000869,Secondary amenorrhea,86030004,exact,,no
HP:0000870,Increased circulating prolactin concentration,237662005,exact,,no
HP:0000871,Panhypopituitarism,32390006,exact,,no
HP:0000872,Hashimoto thyroiditis,21983002,exact,,no
HP:0000873,Diabetes insipidus,15771004,exact,,no
HP:0000876,Oligomenorrhea,52073004,exact,,no
HP:0000879,Short sternum,298724002,exact,,no
HP:0000883,Thin ribs,249697003,exact,,no
HP:0000887,Cupped ribs,249704008,exact,,no
HP:0000890,Long clavicle,249687007,exact,,no
HP:0000891,Cervical ribs,72535009,exact,,no
HP:0000894,Short clavicles,93250003,exact,,no
HP:0000895,Lateral clavicle hook,249684000,exact,,no
HP:0000897,Rachitic rosary,15214001,narrow,,yes
HP:0000897,Rachitic rosary,249702007,narrow,,yes
HP:0000900,Thickened ribs,249699000,exact,,no
HP:0000912,Sprengel anomaly,79120002,exact,,no
HP:0000916,Broad clavicle,249680009,exact,,no
HP:0000921,Missing ribs,249695006,exact,,no
HP:0000934,Chondrocalcinosis,201637001,narrow,,yes
HP:0000934,Chondrocalcinosis,239832006,narrow,,yes
HP:0000934,Chondrocalcinosis,239838005,narrow,,yes
HP:0000938,Osteopenia,312894000,narrow,,yes
HP:0000938,Osteopenia,78441005,narrow,,yes
HP:0000939,Osteoporosis,64859006,broad,,yes
HP:0000943,Dysostosis multiplex,254069004,narrow,,yes
HP:0000943,Dysostosis multiplex,65327002,narrow,,yes
HP:0000951,Abnormality of the skin,199879009,narrow,,yes
HP:0000951,Abnormality of the skin,95320005,narrow,,yes
HP:0000952,Jaundice,18165001,exact,,no
HP:0000953,Hyperpigmentation of the skin,4830009,narrow,,yes
HP:0000953,Hyperpigmentation of the skin,49765009,narrow,,yes
HP:0000954,Single transverse palmar crease,248409006,exact,,no
HP:0000956,Acanthosis nigricans,402599005,narrow,,yes
HP:0000956,Acanthosis nigricans,72129000,narrow,,yes
HP:0000957,Cafe-au-lait spot,201281002,narrow,,yes
HP:0000957,Cafe-au-lait spot,51089004,narrow,,yes
HP:0000958,Dry skin,16386004,exact,,no
HP:0000960,Sacral dimple,249729002,narrow,,yes
HP:0000960,Sacral dimple,311897005,narrow,,yes
HP:0000961,Cyanosis,119419001,narrow,,yes
HP:0000961,Cyanosis,3415004,narrow,,yes
HP:0000962,Hyperkeratosis,26996000,narrow,,yes
HP:0000962,Hyperkeratosis,396228006,narrow,,yes
HP:0000962,Hyperkeratosis,399955009,narrow,,yes
HP:0000963,Thin skin,277797007,exact,,no
HP:0000964,Eczematoid dermatitis,281104002,narrow,,yes
HP:0000964,Eczematoid dermatitis,43116000,narrow,,yes
HP:0000966,Hypohidrosis,45004005,exact,,no
HP:0000967,Petechiae,271813007,narrow,,yes
HP:0000967,Petechiae,50091001,narrow,,yes
HP:0000968,Ectodermal dysplasia,254154003,narrow,,yes
HP:0000968,Ectodermal dysplasia,8654005,narrow,,yes
HP:0000969,Edema,20741006,narrow,,yes
HP:0000969,Edema,267038008,narrow,,yes
HP:0000969,Edema,423666004,narrow,,yes
HP:0000969,Edema,79654002,narrow,,yes
HP:0000970,Anhidrosis,14662005,narrow,,yes
HP:0000970,Anhidrosis,39659002,narrow,,yes
HP:0000971,Abnormal sweat gland morphology,88232005,exact,,no
HP:0000972,Palmoplantar hyperkeratosis,706885006,broad,,yes
HP:0000973,Cutis laxa,58588007,exact,,no
HP:0000975,Hyperhidrosis,161857006,narrow,,yes
HP:0000975,Hyperhidrosis,312230002,narrow,,yes
HP:0000975,Hyperhidrosis,364538006,narrow,,yes
HP:0000975,Hyperhidrosis,415690000,narrow,,yes
HP:0000975,Hyperhidrosis,415691001,narrow,,yes
HP:0000975,Hyperhidrosis,52613005,narrow,,yes
HP:0000978,Bruising susceptibility,302227002,narrow,,yes
HP:0000978,Bruising susceptibility,424131007,narrow,,yes
HP:0000978,Bruising susceptibility,425075004,narrow,,yes
HP:0000978,Bruising susceptibility,77643000,narrow,,yes
HP:0000979,Purpura,12393003,narrow,,yes
HP:0000979,Purpura,387778001,narrow,,yes
HP:0000979,Purpura,423902002,narrow,,yes
HP:0000980,Pallor,398979000,exact,,no
HP:0000982,Palmoplantar keratoderma,706885006,broad,,yes
HP:0000988,Skin rash,112625008,narrow,,yes
HP:0000988,Skin rash,271807003,narrow,,yes
HP:0000989,Pruritus,279333002,narrow,,yes
HP:0000989,Pruritus,418290006,narrow,,yes
HP:0000989,Pruritus,418363000,narrow,,yes
HP:0000989,Pruritus,424492005,narrow,,yes
HP:0000991,Xanthomatosis,63103006,broad,,yes
HP:0000992,Cutaneous photosensitivity,90128006,exact,,no
HP:0000995,Melanocytic nevus,21119008,broad,,yes
HP:0000995,Melanocytic nevus,400096001,broad,,yes
HP:0000998,Hypertrichosis,271607001,narrow,,yes
HP:0000998,Hypertrichosis,29966009,narrow,,yes
HP:0000999,Pyoderma,70759006,exact,,no
HP:0001003,Multiple lentigines,72100002,exact,,no
HP:0001004,Lymphedema,234097001,narrow,,yes
HP:0001004,Lymphedema,30213001,narrow,,yes
HP:0001007,Hirsutism,399939002,exact,,no
HP:0001009,Telangiectasia,112641009,narrow,,yes
HP:0001009,Telangiectasia,247479008,narrow,,yes
HP:0001010,Hypopigmentation of the skin,18655006,narrow,,yes
HP:0001010,Hypopigmentation of the skin,201284005,narrow,,yes
HP:0001010,Hypopigmentation of the skin,23006000,narrow,,yes
HP:0001010,Hypopigmentation of the skin,89031001,narrow,,yes
HP:0001012,Multiple lipomas,404062002,narrow,,yes
HP:0001012,Multiple lipomas,46720004,broad,,yes
HP:0001012,Multiple lipomas,93163002,broad,,yes
HP:0001013,Eruptive xanthomas,238952003,exact,,no
HP:0001014,Angiokeratoma,26810009,exact,,no
HP:0001019,Erythroderma,200948000,narrow,,yes
HP:0001019,Erythroderma,396349005,narrow,,yes
HP:0001019,Erythroderma,396350005,narrow,,yes
HP:0001019,Erythroderma,399992009,narrow,,yes
HP:0001019,Erythroderma,400005007,narrow,,yes
HP:0001022,Albinism,15890002,narrow,,yes
HP:0001022,Albinism,18064000,narrow,,yes
HP:0001025,Urticaria,126485001,narrow,,yes
HP:0001025,Urticaria,247472004,narrow,,yes
HP:0001025,Urticaria,64305001,narrow,,yes
HP:0001028,Hemangioma,2099007,broad,,yes
HP:0001028,Hemangioma,253053003,narrow,,yes
HP:0001028,Hemangioma,400210000,narrow,,yes
HP:0001029,Poikiloderma,402685001,narrow,,yes
HP:0001029,Poikiloderma,70114006,narrow,,yes
HP:0001030,Fragile skin,247427007,exact,,no
HP:0001036,Parakeratosis,200766001,narrow,,yes
HP:0001036,Parakeratosis,65068000,narrow,,yes
HP:0001041,Facial erythema,20255002,broad,,yes
HP:0001041,Facial erythema,271811009,broad,,yes
HP:0001041,Facial erythema,398909004,narrow,,yes
HP:0001045,Vitiligo,56727007,exact,,no
HP:0001047,Atopic dermatitis,200775004,narrow,,yes
HP:0001047,Atopic dermatitis,24079001,narrow,,yes
HP:0001048,Cavernous hemangioma,33377007,narrow,,yes
HP:0001048,Cavernous hemangioma,416824008,narrow,,yes
HP:0001048,Cavernous hemangioma,56975005,broad,,yes
HP:0001050,Plethora,75246004,exact,,no
HP:0001051,Seborrheic dermatitis,50563003,narrow,,yes
HP:0001051,Seborrheic dermatitis,86708008,narrow,,yes
HP:0001052,Nevus flammeus,254211001,narrow,,yes
HP:0001052,Nevus flammeus,416377005,narrow,,yes
HP:0001055,Erysipelas,44653001,narrow,,yes
HP:0001055,Erysipelas,51510002,narrow,,yes
HP:0001056,Milia,254679001,narrow,,yes
HP:0001056,Milia,254683001,narrow,,yes
HP:0001056,Milia,37719003,narrow,,yes
HP:0001057,Aplasia cutis congenita,254237003,narrow,,yes
HP:0001057,Aplasia cutis congenita,35484002,narrow,,yes
HP:0001057,Aplasia cutis congenita,74223008,narrow,,yes
HP:0001059,Pterygium,77489003,exact,,no
HP:0001061,Acne,11381005,exact,,no
HP:0001062,Atypical nevus,254818000,narrow,,yes
HP:0001062,Atypical nevus,61814002,narrow,,yes
HP:0001063,Acrocyanosis,25003006,exact,,no
HP:0001065,Striae distensae,201066002,narrow,,yes
HP:0001065,Striae distensae,201067006,narrow,,yes
HP:0001065,Striae distensae,47212006,narrow,,yes
HP:0001067,Neurofibroma,19133005,narrow,,yes
HP:0001067,Neurofibroma,81669005,narrow,,yes
HP:0001071,Angiokeratoma corporis diffusum,124464003,narrow,,yes
HP:0001071,Angiokeratoma corporis diffusum,16652001,narrow,,yes
HP:0001072,Thickened skin,17417006,narrow,,yes
HP:0001072,Thickened skin,69943009,narrow,,yes
HP:0001075,Atrophic scars,239172000,narrow,,yes
HP:0001075,Atrophic scars,409766009,narrow,,yes
HP:0001080,Biliary tract abnormality,105997008,exact,,no
HP:0001081,Cholelithiasis,266474003,exact,,no
HP:0001082,Cholecystitis,76581006,exact,,no
HP:0001083,Ectopia lentis,74969002,exact,,no
HP:0001084,Corneal arcus,111522004,narrow,,yes
HP:0001084,Corneal arcus,231924000,narrow,,yes
HP:0001084,Corneal arcus,231925004,narrow,,yes
HP:0001085,Papilledema,248487006,narrow,,yes
HP:0001085,Papilledema,423341008,narrow,,yes
HP:0001085,Papilledema,73221001,narrow,,yes
HP:0001087,Developmental glaucoma,204113001,narrow,,yes
HP:0001087,Developmental glaucoma,413728006,narrow,,yes
HP:0001088,Brushfield spots,400960002,exact,,no
HP:0001089,Iris atrophy,95709007,exact,,no
HP:0001090,Abnormally large globe,246920008,exact,,no
HP:0001092,Absent lacrimal punctum,204208005,narrow,,yes
HP:0001092,Absent lacrimal punctum,253217007,narrow,,yes
HP:0001094,Iridocyclitis,77971008,exact,,no
HP:0001095,Hypertensive retinopathy,6962006,exact,,no
HP:0001096,Keratoconjunctivitis,88151007,exact,,no
HP:0001097,Keratoconjunctivitis sicca,302896008,narrow,,yes
HP:0001097,Keratoconjunctivitis sicca,363677007,narrow,,yes
HP:0001097,Keratoconjunctivitis sicca,46152009,narrow,,yes
HP:0001100,Heterochromia iridis,247033008,broad,,yes
HP:0001101,Iritis,65074000,exact,,no
HP:0001103,Abnormal macular morphology,312999006,exact,,no
HP:0001107,Ocular albinism,26399002,exact,,no
HP:0001112,Leber optic atrophy,58610003,exact,,no
HP:0001114,Xanthelasma,63103006,broad,,yes
HP:0001114,Xanthelasma,6400008,narrow,,yes
HP:0001114,Xanthelasma,75594004,narrow,,yes
HP:0001118,Juvenile cataract,399336001,exact,,no
HP:0001123,Visual field defect,12184005,exact,,no
HP:0001126,Cryptophthalmos,400951005,exact,,no
HP:0001128,Trichiasis,60332004,exact,,no
HP:0001131,Corneal dystrophy,5587004,exact,,no
HP:0001132,Lens subluxation,65814009,exact,,no
HP:0001133,Constriction of peripheral visual field,1151008,narrow,,yes
HP:0001133,Constriction of peripheral visual field,267628004,narrow,,yes
HP:0001137,Alternating esotropia,39837002,exact,,no
HP:0001138,Optic neuropathy,82108004,exact,,no
HP:0001140,Limbal dermoid,5131000119107,narrow,,yes
HP:0001140,Limbal dermoid,92097004,narrow,,yes
HP:0001141,Severely reduced visual acuity,397541004,exact,,no
HP:0001142,Lenticonus,253221000,exact,,no
HP:0001144,Orbital cyst,31021007,exact,,no
HP:0001147,Retinal exudate,39832008,exact,,no
HP:0001149,Lattice corneal dystrophy,1192004,narrow,,yes
HP:0001149,Lattice corneal dystrophy,361199007,narrow,,yes
HP:0001153,Septate vagina,47054003,exact,,no
HP:0001155,Abnormality of the hand,299033004,exact,,no
HP:0001156,Brachydactyly,43476002,exact,,no
HP:0001159,Syndactyly,373413006,exact,,no
HP:0001161,Hand polydactyly,81793007,exact,,no
HP:0001162,Postaxial hand polydactyly,205131007,exact,,no
HP:0001166,Arachnodactyly,62250003,broad,,yes
HP:0001169,Broad palm,48251003,exact,,no
HP:0001171,Split hand,299034005,exact,,no
HP:0001172,Abnormal thumb morphology,299130003,exact,,no
HP:0001176,Large hands,249752003,exact,,no
HP:0001177,Preaxial hand polydactyly,205135003,broad,,yes
HP:0001177,Preaxial hand polydactyly,445216006,narrow,,yes
HP:0001182,Tapered finger,249768009,exact,,no
HP:0001195,Single umbilical artery,204470001,exact,,no
HP:0001196,Short umbilical cord,59795007,exact,,no
HP:0001199,Triphalangeal thumb,205308004,exact,,no
HP:0001217,Clubbing,367004,exact,,no
HP:0001233,2-3 finger cutaneous syndactyly,205139009,exact,,no
HP:0001239,Wrist flexion contracture,202275008,exact,,no
HP:0001249,Intellectual disability,228156007,narrow,,yes
HP:0001249,Intellectual disability,247578003,narrow,,yes
HP:0001249,Intellectual disability,91138005,narrow,,yes
HP:0001250,Seizure,128613002,narrow,,yes
HP:0001250,Seizure,246545002,broad,,yes
HP:0001250,Seizure,313307000,narrow,,yes
HP:0001250,Seizure,84757009,narrow,,yes
HP:0001250,Seizure,91175000,narrow,,yes
HP:0001251,Ataxia,85102008,exact,,no
HP:0001252,Hypotonia,398151007,narrow,,yes
HP:0001252,Hypotonia,398152000,narrow,,yes
HP:0001254,Lethargy,214264003,exact,,no
HP:0001256,Mild intellectual disability,86765009,exact,,no
HP:0001257,Spasticity,221360009,narrow,,yes
HP:0001257,Spasticity,397790002,narrow,,yes
HP:0001258,Spastic paraplegia,192967009,exact,,no
HP:0001259,Coma,371632003,exact,,no
HP:0001260,Dysarthria,8011004,exact,,no
HP:0001262,Excessive daytime somnolence,271782001,broad,,yes
HP:0001262,Excessive daytime somnolence,79519003,broad,,yes
HP:0001263,Global developmental delay,224958001,exact,,no
HP:0001264,Spastic diplegia,281411007,exact,,no
HP:0001265,Hyporeflexia,405946002,exact,,no
HP:0001266,Choreoathetosis,43105007,exact,,no
HP:0001269,Hemiparesis,127377003,narrow,,yes
HP:0001269,Hemiparesis,20022000,narrow,,yes
HP:0001271,Polyneuropathy,302226006,broad,,yes
HP:0001271,Polyneuropathy,42345000,narrow,,yes
HP:0001271,Polyneuropathy,42658009,broad,,yes
HP:0001272,Cerebellar atrophy,95646004,exact,,no
HP:0001274,Agenesis of corpus callosum,5102002,exact,,no
HP:0001276,Hypertonia,41581000,narrow,,yes
HP:0001276,Hypertonia,56731001,narrow,,yes
HP:0001278,Orthostatic hypotension,28651003,exact,,no
HP:0001279,Syncope,271594007,narrow,,yes
HP:0001279,Syncope,272030005,narrow,,yes
HP:0001279,Syncope,309585006,narrow,,yes
HP:0001281,Tetany,10629009,exact,,no
HP:0001283,Bulbar palsy,398432008,exact,,no
HP:0001284,Areflexia,349006,narrow,,yes
HP:0001284,Areflexia,37280007,narrow,,yes
HP:0001285,Spastic tetraparesis,298282001,exact,,no
HP:0001287,Meningitis,7180009,exact,,no
HP:0001288,Gait disturbance,22325002,exact,,no
HP:0001289,Confusion,286933003,exact,,no
HP:0001293,Cranial nerve compression,95664006,exact,,no
HP:0001297,Stroke,230690007,exact,,no
HP:0001298,Encephalopathy,81308009,exact,,no
HP:0001300,Parkinsonism,32798002,exact,,no
HP:0001302,Pachygyria,23024003,exact,,no
HP:0001304,Torsion dystonia,22451001,narrow,,yes
HP:0001304,Torsion dystonia,431034009,narrow,,yes
HP:0001305,Dandy-Walker malformation,14447001,exact,,no
HP:0001308,Tongue fasciculations,249878001,exact,,no
HP:0001310,Dysmetria,32566006,exact,,no
HP:0001319,Neonatal hypotonia,205294008,exact,,no
HP:0001321,Cerebellar hypoplasia,16026008,exact,,no
HP:0001324,Muscle weakness,26544005,exact,,no
HP:0001325,Hypoglycemic coma,267384006,exact,,no
HP:0001331,Absent septum pellucidum,253143001,exact,,no
HP:0001334,Communicating hydrocephalus,271569006,exact,,no
HP:0001335,Bimanual synkinesia,229247004,exact,,no
HP:0001336,Myoclonus,127324008,narrow,,yes
HP:0001336,Myoclonus,17450006,narrow,,yes
HP:0001337,Tremor,26079004,exact,,no
HP:0001338,Partial agenesis of the corpus callosum,253140003,exact,,no
HP:0001339,Lissencephaly,204036008,exact,,no
HP:0001342,Cerebral hemorrhage,230706003,narrow,,yes
HP:0001342,Cerebral hemorrhage,274100004,narrow,,yes
HP:0001343,Kernicterus,50143004,narrow,,yes
HP:0001343,Kernicterus,74925009,narrow,,yes
HP:0001347,Hyperreflexia,86854008,exact,,no
HP:0001350,Slurred speech,289195008,exact,,no
HP:0001355,Megalencephaly,19410003,exact,,no
HP:0001357,Plagiocephaly,21850008,narrow,,yes
HP:0001357,Plagiocephaly,254024005,narrow,,yes
HP:0001360,Holoprosencephaly,30915001,exact,,no
HP:0001363,Craniosynostosis,57219006,broad,,yes
HP:0001367,Abnormal joint morphology,399269003,broad,,yes
HP:0001369,Arthritis,3723001,exact,,no
HP:0001370,Rheumatoid arthritis,69896004,exact,,no
HP:0001371,Flexion contracture,203598005,narrow,,yes
HP:0001371,Flexion contracture,385522000,narrow,,yes
HP:0001371,Flexion contracture,55033002,narrow,,yes
HP:0001371,Flexion contracture,57048009,narrow,,yes
HP:0001371,Flexion contracture,7890003,narrow,,yes
HP:0001371,Flexion contracture,88565003,narrow,,yes
HP:0001373,Joint dislocation,108367008,narrow,,yes
HP:0001373,Joint dislocation,87642003,narrow,,yes
HP:0001374,Congenital hip dislocation,48334007,broad,,yes
HP:0001374,Congenital hip dislocation,52781008,broad,,yes
HP:0001382,Joint hypermobility,298181000,exact,,no
HP:0001385,Hip dysplasia,48334007,broad,,yes
HP:0001385,Hip dysplasia,52781008,broad,,yes
HP:0001386,Joint swelling,271771009,exact,,no
HP:0001387,Joint stiffness,84445001,exact,,no
HP:0001392,Abnormality of the liver,235856003,exact,,no
HP:0001394,Cirrhosis,19943007,exact,,no
HP:0001395,Hepatic fibrosis,62484002,exact,,no
HP:0001396,Cholestasis,197446008,narrow,,yes
HP:0001396,Cholestasis,30144000,narrow,,yes
HP:0001396,Cholestasis,33688009,narrow,,yes
HP:0001397,Hepatic steatosis,197321007,narrow,,yes
HP:0001397,Hepatic steatosis,442191002,narrow,,yes
HP:0001399,Hepatic failure,59927004,exact,,no
HP:0001402,Hepatocellular carcinoma,109841003,narrow,,yes
HP:0001402,Hepatocellular carcinoma,187769009,narrow,,yes
HP:0001402,Hepatocellular carcinoma,25370001,narrow,,yes
HP:0001406,Intrahepatic cholestasis,4637005,exact,,no
HP:0001407,Hepatic cysts,85057007,exact,,no
HP:0001408,Bile duct proliferation,20239009,exact,,no
HP:0001409,Portal hypertension,34742003,exact,,no
HP:0001410,Decreased liver function,75183008,broad,,yes
HP:0001410,Decreased liver function,77981007,narrow,,yes
HP:0001413,Micronodular cirrhosis,21861000,exact,,no
HP:0001417,X-linked inheritance,263934009,exact,,no
HP:0001433,Hepatosplenomegaly,36760000,exact,,no
HP:0001476,Delayed closure of the anterior fontanelle,295091000119100,exact,,no
HP:0001480,Freckling,403536009,narrow,,yes
HP:0001480,Freckling,699225003,narrow,,yes
HP:0001482,Subcutaneous nodule,95325000,exact,,no
HP:0001483,Eye poking,78894008,exact,,no
HP:0001489,Posterior vitreous detachment,247081001,exact,,no
HP:0001491,Congenital fibrosis of extraocular muscles,400946004,exact,,no
HP:0001492,Axenfeld anomaly,204152008,exact,,no
HP:0001493,Falciform retinal fold,204181009,exact,,no
HP:0001508,Failure to thrive,36440009,narrow,,yes
HP:0001508,Failure to thrive,432788009,narrow,,yes
HP:0001510,Growth delay,276617005,narrow,,yes
HP:0001510,Growth delay,444896005,narrow,,yes
HP:0001510,Growth delay,59576002,narrow,,yes
HP:0001511,Intrauterine growth retardation,199612005,narrow,,yes
HP:0001511,Intrauterine growth retardation,22033007,narrow,,yes
HP:0001513,Obesity,414915002,narrow,,yes
HP:0001513,Obesity,414916001,narrow,,yes
HP:0001518,Small for gestational age,267258002,narrow,,yes
HP:0001518,Small for gestational age,276610007,narrow,,yes
HP:0001519,Disproportionate tall stature,62250003,broad,,yes
HP:0001528,Hemihypertrophy,205838004,narrow,,yes
HP:0001528,Hemihypertrophy,56007004,narrow,,yes
HP:0001537,Umbilical hernia,396347007,exact,,no
HP:0001539,Omphalocele,18735004,exact,,no
HP:0001540,Diastasis recti,62629000,exact,,no
HP:0001541,Ascites,389026000,exact,,no
HP:0001543,Gastroschisis,72951007,exact,,no
HP:0001552,Barrel-shaped chest,24228002,exact,,no
HP:0001558,Decreased fetal movement,276369006,exact,,no
HP:0001560,Abnormality of the amniotic fluid,42170009,exact,,no
HP:0001561,Polyhydramnios,86203003,exact,,no
HP:0001562,Oligohydramnios,59566000,exact,,no
HP:0001572,Macrodontia,71485000,exact,,no
HP:0001582,Redundant skin,201093004,exact,,no
HP:0001583,Rotary nystagmus,44526006,narrow,,yes
HP:0001583,Rotary nystagmus,95783006,narrow,,yes
HP:0001586,Vesicovaginal fistula,89405008,exact,,no
HP:0001596,Alopecia,278040002,broad,,yes
HP:0001596,Alopecia,56317004,broad,,yes
HP:0001597,Abnormal nail morphology,17790008,exact,,no
HP:0001598,Concave nail,66270006,exact,,no
HP:0001601,Laryngomalacia,38086007,exact,,no
HP:0001602,Laryngeal stenosis,75547007,exact,,no
HP:0001604,Vocal cord paresis,302912005,broad,,yes
HP:0001604,Vocal cord paresis,445424004,narrow,,yes
HP:0001605,Vocal cord paralysis,302912005,broad,,yes
HP:0001607,Subglottic stenosis,22668006,exact,,no
HP:0001609,Hoarse voice,50219008,exact,,no
HP:0001611,Hypernasal speech,229645001,narrow,,yes
HP:0001611,Hypernasal speech,289190003,narrow,,yes
HP:0001612,Weak cry,2120003,exact,,no
HP:0001618,Dysphonia,47004009,exact,,no
HP:0001620,Abnormally high-pitched voice,51406002,exact,,no
HP:0001621,Weak voice,34527004,narrow,,yes
HP:0001621,Weak voice,8614008,narrow,,yes
HP:0001622,Premature birth,282020008,narrow,,yes
HP:0001622,Premature birth,367494004,narrow,,yes
HP:0001622,Premature birth,49550006,narrow,,yes
HP:0001623,Breech presentation,249101006,narrow,,yes
HP:0001623,Breech presentation,6096002,narrow,,yes
HP:0001626,Abnormality of the cardiovascular system,49601007,exact,,no
HP:0001627,Abnormal heart morphology,13213009,exact,,no
HP:0001629,Ventricular septal defect,253549006,narrow,,yes
HP:0001629,Ventricular septal defect,30288003,narrow,,yes
HP:0001631,Atrial septal defect,253366007,narrow,,yes
HP:0001631,Atrial septal defect,405752007,narrow,,yes
HP:0001631,Atrial septal defect,70142008,narrow,,yes
HP:0001634,Mitral valve prolapse,409712001,narrow,,yes
HP:0001634,Mitral valve prolapse,8074002,narrow,,yes
HP:0001635,Congestive heart failure,42343007,narrow,,yes
HP:0001635,Congestive heart failure,84114007,narrow,,yes
HP:0001636,Tetralogy of Fallot,86299006,exact,,no
HP:0001638,Cardiomyopathy,57809008,narrow,,yes
HP:0001638,Cardiomyopathy,85898001,narrow,,yes
HP:0001639,Hypertrophic cardiomyopathy,233873004,narrow,,yes
HP:0001639,Hypertrophic cardiomyopathy,45227007,narrow,,yes
HP:0001640,Cardiomegaly,8186001,exact,,no
HP:0001641,Abnormal pulmonary valve morphology,448643005,exact,,no
HP:0001642,Pulmonic stenosis,56786000,exact,,no
HP:0001643,Patent ductus arteriosus,83330001,exact,,no
HP:0001644,Dilated cardiomyopathy,195021004,narrow,,yes
HP:0001644,Dilated cardiomyopathy,399020009,narrow,,yes
HP:0001645,Sudden cardiac death,95281009,exact,,no
HP:0001646,Abnormal aortic valve morphology,448743001,exact,,no
HP:0001647,Bicuspid aortic valve,72352009,exact,,no
HP:0001648,Cor pulmonale,274096000,narrow,laterality,yes
HP:0001648,Cor pulmonale,83291003,narrow,laterality,yes
HP:0001649,Tachycardia,3424008,narrow,,yes
HP:0001649,Tachycardia,86651002,narrow,,yes
HP:0001650,Aortic valve stenosis,60573004,exact,,no
HP:0001651,Dextrocardia,27637000,exact,,no
HP:0001653,Mitral regurgitation,48724000,exact,,no
HP:0001654,Abnormal heart valve morphology,368009,exact,,no
HP:0001655,Patent foramen ovale,204317008,exact,,no
HP:0001657,Prolonged QT interval,111975006,exact,,no
HP:0001658,Myocardial infarction,22298006,exact,,no
HP:0001659,Aortic regurgitation,60234000,exact,,no
HP:0001660,Truncus arteriosus,58140002,exact,,no
HP:0001662,Bradycardia,48867003,exact,,no
HP:0001663,Ventricular fibrillation,71908006,exact,,no
HP:0001664,Torsade de pointes,31722008,exact,,no
HP:0001667,Right ventricular hypertrophy,89792004,exact,laterality,no
HP:0001669,Transposition of the great arteries,204296002,narrow,,yes
HP:0001669,Transposition of the great arteries,26146002,narrow,,yes
HP:0001671,Abnormal cardiac septum morphology,253273004,narrow,,yes
HP:0001671,Abnormal cardiac septum morphology,396351009,narrow,,yes
HP:0001671,Abnormal cardiac septum morphology,59494005,narrow,,yes
HP:0001677,Coronary artery atherosclerosis,414024009,narrow,,yes
HP:0001677,Coronary artery atherosclerosis,53741008,narrow,,yes
HP:0001678,Atrioventricular block,233917008,exact,,no
HP:0001680,Coarctation of aorta,7305005,exact,,no
HP:0001681,Angina pectoris,194828000,narrow,,yes
HP:0001681,Angina pectoris,225566008,narrow,,yes
HP:0001682,Subvalvular aortic stenosis,204368006,exact,laterality,no
HP:0001683,Ectopia cordis,78250005,exact,,no
HP:0001684,Secundum atrial septal defect,204315000,exact,,no
HP:0001686,Loss of voice,441913003,narrow,,yes
HP:0001686,Loss of voice,44564008,narrow,,yes
HP:0001688,Sinus bradycardia,49710005,exact,,no
HP:0001692,Atrial arrhythmia,17366009,exact,,no
HP:0001693,Cardiac shunt,442119001,exact,,no
HP:0001694,Right-to-left shunt,79692001,exact,,no
HP:0001695,Cardiac arrest,397829000,narrow,,yes
HP:0001695,Cardiac arrest,410429000,narrow,,yes
HP:0001696,Situs inversus totalis,14821001,broad,,yes
HP:0001696,Situs inversus totalis,24614000,broad,,yes
HP:0001696,Situs inversus totalis,27317008,broad,,yes
HP:0001696,Situs inversus totalis,43876007,broad,,yes
HP:0001698,Pericardial effusion,373945007,exact,,no
HP:0001699,Sudden death,26636000,exact,,no
HP:0001700,Myocardial necrosis,251061000,exact,,no
HP:0001701,Pericarditis,3238004,exact,,no
HP:0001704,Tricuspid valve prolapse,253383003,exact,,no
HP:0001706,Endocardial fibroelastosis,65457005,exact,,no
HP:0001707,Abnormal right ventricle morphology,253516002,exact,,no
HP:0001708,Right ventricular failure,128404006,narrow,laterality,yes
HP:0001708,Right ventricular failure,367363000,narrow,laterality,yes
HP:0001709,Third degree atrioventricular block,27885002,exact,,no
HP:0001711,Abnormal left ventricle morphology,253535002,exact,,no
HP:0001712,Left ventricular hypertrophy,55827005,exact,laterality,no
HP:0001714,Ventricular hypertrophy,266249003,exact,,no
HP:0001716,Wolff-Parkinson-White syndrome,74390002,exact,,no
HP:0001717,Coronary artery calcification,445512009,exact,,no
HP:0001718,Mitral stenosis,79619009,exact,,no
HP:0001719,Double outlet right ventricle,7484005,exact,laterality,no
HP:0001723,Restrictive cardiomyopathy,415295002,narrow,,yes
HP:0001723,Restrictive cardiomyopathy,90828009,narrow,,yes
HP:0001732,Abnormality of the pancreas,3855007,exact,,no
HP:0001733,Pancreatitis,75694006,exact,,no
HP:0001734,Annular pancreas,40315008,exact,,no
HP:0001735,Acute pancreatitis,197456007,exact,,no
HP:0001737,Pancreatic cysts,31258000,exact,,no
HP:0001738,Exocrine pancreatic insufficiency,37992001,narrow,,yes
HP:0001738,Exocrine pancreatic insufficiency,47367009,narrow,,yes
HP:0001741,Phimosis,253854008,exact,,no
HP:0001742,Nasal congestion,232209000,narrow,,yes
HP:0001742,Nasal congestion,267100006,narrow,,yes
HP:0001742,Nasal congestion,68235000,narrow,,yes
HP:0001744,Splenomegaly,16294009,exact,,no
HP:0001746,Asplenia,702624008,narrow,,yes
HP:0001746,Asplenia,707147002,narrow,,yes
HP:0001746,Asplenia,93030006,narrow,,yes
HP:0001747,Accessory spleen,10362008,broad,,yes
HP:0001750,Single ventricle,45503006,exact,,no
HP:0001760,Abnormal foot morphology,229844004,exact,,no
HP:0001761,Pes cavus,205091006,exact,,no
HP:0001762,Talipes equinovarus,249808002,broad,,yes
HP:0001762,Talipes equinovarus,397932003,broad,,yes
HP:0001763,Pes planus,203534009,narrow,,yes
HP:0001763,Pes planus,53226007,narrow,,yes
HP:0001765,Hammertoe,122481008,exact,,no
HP:0001770,Toe syndactyly,32113001,broad,,yes
HP:0001771,Achilles tendon contracture,203076007,exact,,no
HP:0001772,Talipes equinovalgus,68284008,exact,,no
HP:0001785,Ankle swelling,26237000,narrow,,yes
HP:0001785,Ankle swelling,267039000,narrow,,yes
HP:0001786,Narrow foot,299464006,exact,,no
HP:0001787,Abnormal delivery,274127000,exact,,no
HP:0001788,Premature rupture of membranes,237266003,narrow,,yes
HP:0001788,Premature rupture of membranes,44223004,narrow,,yes
HP:0001789,Hydrops fetalis,276508000,exact,,no
HP:0001790,Nonimmune hydrops fetalis,206538000,narrow,,yes
HP:0001790,Nonimmune hydrops fetalis,276509008,narrow,,yes
HP:0001791,Fetal ascites,363125002,exact,,no
HP:0001792,Small nail,11375002,exact,,no
HP:0001795,Hyperconvex nail,247487009,exact,,no
HP:0001798,Anonychia,23610003,exact,,no
HP:0001799,Short nail,247488004,exact,,no
HP:0001803,Nail pits,89704006,exact,,no
HP:0001805,Onychogryphosis,52897009,exact,,no
HP:0001806,Onycholysis,75789001,exact,,no
HP:0001807,Ridged nail,271768001,exact,,no
HP:0001809,Split nail,85136002,exact,,no
HP:0001816,Thin nail,63829008,exact,,no
HP:0001818,Paronychia,71906005,exact,,no
HP:0001820,Leukonychia,111202002,exact,,no
HP:0001822,Hallux valgus,122480009,narrow,,yes
HP:0001822,Hallux valgus,415692008,narrow,,yes
HP:0001824,Weight loss,161832001,broad,,yes
HP:0001824,Weight loss,262285001,broad,,yes
HP:0001824,Weight loss,89362005,broad,,yes
HP:0001829,Foot polydactyly,62218008,exact,,no
HP:0001833,Long foot,299462005,exact,,no
HP:0001838,Rocker bottom foot,205082007,narrow,,yes
HP:0001838,Rocker bottom foot,205359003,narrow,,yes
HP:0001839,Split foot,205358006,exact,,no
HP:0001840,Metatarsus adductus,77599005,exact,,no
HP:0001845,Overlapping toe,203541003,exact,,no
HP:0001849,Foot oligodactyly,249820005,exact,,no
HP:0001854,Podagra,67148009,exact,,no
HP:0001871,Abnormality of blood and blood-forming tissues,191124002,narrow,,yes
HP:0001871,Abnormality of blood and blood-forming tissues,34093004,narrow,,yes
HP:0001872,Abnormality of thrombocytes,127566005,narrow,,yes
HP:0001872,Abnormality of thrombocytes,32942005,broad,,yes
HP:0001873,Thrombocytopenia,302215000,narrow,,yes
HP:0001873,Thrombocytopenia,415116008,narrow,,yes
HP:0001874,Abnormality of neutrophils,250274006,broad,,yes
HP:0001875,Decreased total neutrophil count,165517008,exact,,no
HP:0001876,Pancytopenia,127034005,exact,,no
HP:0001877,Abnormal erythrocyte morphology,12222001,exact,,no
HP:0001878,Hemolytic anemia,61261009,exact,,no
HP:0001881,Abnormal leukocyte morphology,134199001,narrow,,yes
HP:0001881,Abnormal leukocyte morphology,24827003,narrow,,yes
HP:0001882,Decreased total leukocyte count,84828003,exact,,no
HP:0001883,Talipes,398309008,exact,,no
HP:0001884,Talipes calcaneovalgus,205083002,broad,,yes
HP:0001884,Talipes calcaneovalgus,31668003,broad,,yes
HP:0001888,Decreased total lymphocyte count,48813009,exact,,no
HP:0001889,Megaloblastic anemia,53165003,exact,,no
HP:0001890,Autoimmune hemolytic anemia,413603009,exact,,no
HP:0001891,Iron deficiency anemia,87522002,exact,,no
HP:0001892,Abnormal bleeding,248250000,narrow,,yes
HP:0001892,Abnormal bleeding,64779008,broad,,yes
HP:0001894,Thrombocytosis,415115007,narrow,,yes
HP:0001894,Thrombocytosis,6631009,narrow,,yes
HP:0001896,Reticulocytopenia,124961001,exact,,no
HP:0001897,Normocytic anemia,300980002,exact,,no
HP:0001900,Increased circulating hemoglobin concentration,131141003,exact,,no
HP:0001901,Polycythemia,109992005,narrow,,yes
HP:0001901,Polycythemia,127062003,narrow,,yes
HP:0001902,Giant platelets,44687006,exact,,no
HP:0001903,Anemia,165397008,narrow,,yes
HP:0001903,Anemia,271737000,narrow,,yes
HP:0001904,Autoimmune neutropenia,234425008,exact,,no
HP:0001907,Thromboembolism,13713005,narrow,,yes
HP:0001907,Thromboembolism,371039008,narrow,,yes
HP:0001908,Hypoplastic anemia,167923006,broad,,yes
HP:0001908,Hypoplastic anemia,41614006,broad,,yes
HP:0001909,Leukemia,129154003,broad,,yes
HP:0001909,Leukemia,269475001,broad,,yes
HP:0001909,Leukemia,87163000,narrow,,yes
HP:0001909,Leukemia,93143009,narrow,,yes
HP:0001911,Abnormal granulocyte morphology,250274006,broad,,yes
HP:0001913,Decreased total granulocyte count,17182001,narrow,,yes
HP:0001913,Decreased total granulocyte count,417672002,narrow,,yes
HP:0001915,Aplastic anemia,304132006,narrow,,yes
HP:0001915,Aplastic anemia,306058006,narrow,,yes
HP:0001917,Renal amyloidosis,48713002,exact,,no
HP:0001919,Acute kidney injury,14350001000004108,narrow,,yes
HP:0001919,Acute kidney injury,14669001,narrow,,yes
HP:0001920,Renal artery stenosis,282664001,narrow,,yes
HP:0001920,Renal artery stenosis,302233006,narrow,,yes
HP:0001923,Reticulocytosis,46049004,exact,,no
HP:0001924,Sideroblastic anemia,41841004,broad,,yes
HP:0001927,Acanthocytosis,250249008,exact,,no
HP:0001928,Abnormality of coagulation,362970003,broad,,yes
HP:0001928,Abnormality of coagulation,64779008,broad,,yes
HP:0001929,Reduced factor XI activity,49762007,exact,,no
HP:0001931,Hypochromic anemia,44452003,exact,,no
HP:0001935,Microcytic anemia,234349007,exact,,no
HP:0001937,Microangiopathic hemolytic anemia,51071000,exact,,no
HP:0001941,Acidosis,51387008,exact,,no
HP:0001942,Metabolic acidosis,59455009,exact,,no
HP:0001943,Hypoglycemia,237630007,narrow,,yes
HP:0001943,Hypoglycemia,271327008,narrow,,yes
HP:0001943,Hypoglycemia,302866003,narrow,,yes
HP:0001944,Dehydration,34095006,exact,,no
HP:0001945,Fever,386661006,narrow,,yes
HP:0001945,Fever,50177009,narrow,,yes
HP:0001946,Ketosis,213281004,narrow,,yes
HP:0001946,Ketosis,2538008,narrow,,yes
HP:0001947,Renal tubular acidosis,1776003,exact,,no
HP:0001948,Alkalosis,21420006,exact,,no
HP:0001949,Hypokalemic alkalosis,22774003,exact,,no
HP:0001950,Respiratory alkalosis,111378004,exact,,no
HP:0001953,Diabetic ketoacidosis,420422005,exact,,no
HP:0001954,Recurrent fever,77957000,exact,,no
HP:0001956,Truncal obesity,248311001,broad,,yes
HP:0001959,Polydipsia,17173007,narrow,,yes
HP:0001959,Polydipsia,267026004,narrow,,yes
HP:0001962,Palpitations,80313002,exact,,no
HP:0001967,Diffuse mesangial sclerosis,111406002,exact,,no
HP:0001969,Abnormal tubulointerstitial morphology,28689008,broad,,yes
HP:0001969,Abnormal tubulointerstitial morphology,428255004,broad,,yes
HP:0001970,Tubulointerstitial nephritis,28689008,broad,,yes
HP:0001970,Tubulointerstitial nephritis,428255004,broad,,yes
HP:0001971,Hypersplenism,58381000,exact,,no
HP:0001972,Macrocytic anemia,83414005,exact,,no
HP:0001973,Autoimmune thrombocytopenia,128091003,narrow,,yes
HP:0001973,Autoimmune thrombocytopenia,13172003,narrow,,yes
HP:0001973,Autoimmune thrombocytopenia,234490009,narrow,,yes
HP:0001973,Autoimmune thrombocytopenia,32273002,narrow,,yes
HP:0001974,Increased total leukocyte count,111583006,exact,,no
HP:0001975,Decreased platelet glycoprotein IIb-IIIa,32942005,broad,,yes
HP:0001976,Reduced antithrombin III activity,36351005,exact,,no
HP:0001978,Extramedullary hematopoiesis,124958002,narrow,,yes
HP:0001978,Extramedullary hematopoiesis,42952007,narrow,,yes
HP:0001980,Megaloblastic bone marrow,167921008,exact,,no
HP:0001981,Schistocytosis,385472000,exact,,no
HP:0001982,Sea-blue histiocytosis,37821003,exact,,no
HP:0001987,Hyperammonemia,9360008,exact,,no
HP:0001989,Fetal akinesia sequence,401138005,exact,,no
HP:0001993,Ketoacidosis,56051008,exact,,no
HP:0001994,Renal Fanconi syndrome,236468006,narrow,,yes
HP:0001994,Renal Fanconi syndrome,44673006,narrow,,yes
HP:0001995,Hyperchloremic acidosis,18104000,exact,,no
HP:0001997,Gout,170733007,narrow,,yes
HP:0001997,Gout,190828008,narrow,,yes
HP:0001997,Gout,48440001,narrow,,yes
HP:0001997,Gout,90560007,narrow,,yes
HP:0001998,Neonatal hypoglycemia,52767006,exact,,no
HP:0001999,Abnormal facial shape,248200007,narrow,,yes
HP:0001999,Abnormal facial shape,32003007,broad,,yes
HP:0001999,Abnormal facial shape,398206004,broad,,yes
HP:0001999,Abnormal facial shape,398302004,broad,,yes
HP:0002006,Tessier cleft,92821006,exact,laterality,no
HP:0002007,Frontal bossing,90145001,exact,,no
HP:0002009,Potter facies,24814002,exact,,no
HP:0002011,Morphological central nervous system abnormality,23853001,exact,,no
HP:0002013,Vomiting,249497008,narrow,,yes
HP:0002013,Vomiting,300359004,narrow,,yes
HP:0002013,Vomiting,422400008,narrow,,yes
HP:0002014,Diarrhea,267060006,narrow,,yes
HP:0002014,Diarrhea,62315008,narrow,,yes
HP:0002015,Dysphagia,288939007,narrow,,yes
HP:0002015,Dysphagia,40739000,narrow,,yes
HP:0002017,Nausea and vomiting,16932000,exact,,no
HP:0002018,Nausea,422587007,exact,,no
HP:0002019,Constipation,14760008,narrow,,yes
HP:0002019,Constipation,225595004,narrow,,yes
HP:0002020,Gastroesophageal reflux,16331000,narrow,,yes
HP:0002020,Gastroesophageal reflux,235595009,narrow,,yes
HP:0002020,Gastroesophageal reflux,698065002,narrow,,yes
HP:0002021,Pyloric stenosis,367403001,exact,,no
HP:0002023,Anal atresia,204712000,narrow,,yes
HP:0002023,Anal atresia,204731006,narrow,,yes
HP:0002025,Anal stenosis,250037002,narrow,,yes
HP:0002025,Anal stenosis,69914001,narrow,,yes
HP:0002027,Abdominal pain,21522001,exact,,no
HP:0002028,Chronic diarrhea,236071009,exact,,no
HP:0002031,Abnormal esophagus morphology,69771008,exact,,no
HP:0002032,Esophageal atresia,26179002,exact,,no
HP:0002034,Abnormal rectum morphology,86993003,exact,,no
HP:0002035,Rectal prolapse,57773001,exact,,no
HP:0002036,Hiatus hernia,84089009,exact,,no
HP:0002037,Inflammation of the large intestine,24526004,narrow,,yes
HP:0002037,Inflammation of the large intestine,302168000,narrow,,yes
HP:0002039,Anorexia,79890006,exact,,no
HP:0002040,Esophageal varix,28670008,exact,,no
HP:0002043,Esophageal stricture,63305008,broad,,yes
HP:0002044,Zollinger-Ellison syndrome,53132006,exact,,no
HP:0002045,Hypothermia,386689009,exact,,no
HP:0002046,Heat intolerance,69215007,exact,,no
HP:0002047,Malignant hyperthermia,213026003,narrow,,yes
HP:0002047,Malignant hyperthermia,405501007,narrow,,yes
HP:0002049,Proximal renal tubular acidosis,24790002,exact,,no
HP:0002058,Myopathic facies,26432009,exact,,no
HP:0002059,Cerebral atrophy,278849000,broad,,yes
HP:0002059,Cerebral atrophy,418143002,broad,,yes
HP:0002059,Cerebral atrophy,52522001,broad,,yes
HP:0002061,Lower limb spasticity,394679006,exact,,no
HP:0002063,Rigidity,16046003,broad,,yes
HP:0002064,Spastic gait,9447003,exact,,no
HP:0002066,Gait ataxia,25136009,exact,,no
HP:0002067,Bradykinesia,399317006,exact,,no
HP:0002069,Bilateral tonic-clonic seizure,54200006,exact,,no
HP:0002071,Abnormality of extrapyramidal motor function,43378000,narrow,,yes
HP:0002071,Abnormality of extrapyramidal motor function,76349003,narrow,,yes
HP:0002072,Chorea,271700006,exact,,no
HP:0002073,Progressive cerebellar ataxia,230233000,exact,,no
HP:0002075,Dysdiadochokinesis,23133003,exact,,no
HP:0002076,Migraine,37796009,exact,,no
HP:0002077,Migraine with aura,4473006,exact,,no
HP:0002078,Truncal ataxia,250067008,exact,,no
HP:0002079,Hypoplasia of the corpus callosum,204043002,exact,,no
HP:0002080,Intention tremor,30721006,broad,,yes
HP:0002083,Migraine without aura,56097005,exact,,no
HP:0002084,Encephalocele,253101008,broad,,yes
HP:0002084,Encephalocele,48777005,broad,,yes
HP:0002084,Encephalocele,55999004,broad,,yes
HP:0002085,Occipital encephalocele,42376006,exact,,no
HP:0002088,Abnormal lung morphology,19829001,exact,,no
HP:0002089,Pulmonary hypoplasia,80825009,exact,,no
HP:0002090,Pneumonia,233604007,exact,,no
HP:0002091,Restrictive ventilatory defect,36485005,exact,,no
HP:0002092,Pulmonary arterial hypertension,11399002,narrow,,yes
HP:0002092,Pulmonary arterial hypertension,697898008,narrow,,yes
HP:0002092,Pulmonary arterial hypertension,70995007,narrow,,yes
HP:0002093,Respiratory insufficiency,409623005,exact,,no
HP:0002094,Dyspnea,230145002,broad,,yes
HP:0002094,Dyspnea,267036007,broad,,yes
HP:0002097,Emphysema,87433001,exact,,no
HP:0002098,Respiratory distress,230145002,broad,,yes
HP:0002098,Respiratory distress,267036007,broad,,yes
HP:0002098,Respiratory distress,271825005,narrow,,yes
HP:0002099,Asthma,195967001,narrow,,yes
HP:0002099,Asthma,991000119106,narrow,,yes
HP:0002100,Recurrent aspiration pneumonia,430969000,exact,,no
HP:0002101,Abnormal lung lobation,91842005,exact,,no
HP:0002102,Pleuritis,196075003,exact,,no
HP:0002104,Apnea,1023001,narrow,,yes
HP:0002104,Apnea,248583008,narrow,,yes
HP:0002105,Hemoptysis,66857006,narrow,,yes
HP:0002105,Hemoptysis,6686005,narrow,,yes
HP:0002107,Pneumothorax,36118008,exact,,no
HP:0002108,Spontaneous pneumothorax,80423007,exact,,no
HP:0002110,Bronchiectasis,12295008,exact,,no
HP:0002120,Cerebral cortical atrophy,278849000,broad,,yes
HP:0002121,Generalized non-motor (absence) seizure,230413002,broad,onset,yes
HP:0002121,Generalized non-motor (absence) seizure,432241000124101,broad,onset,yes
HP:0002121,Generalized non-motor (absence) seizure,50866000,broad,onset,yes
HP:0002121,Generalized non-motor (absence) seizure,79631006,broad,onset,yes
HP:0002123,Generalized myoclonic seizure,192992007,narrow,onset,yes
HP:0002123,Generalized myoclonic seizure,267581004,narrow,onset,yes
HP:0002123,Generalized myoclonic seizure,37356005,narrow,onset,yes
HP:0002126,Polymicrogyria,4945003,exact,,no
HP:0002131,Episodic ataxia,421455009,exact,,no
HP:0002133,Status epilepticus,230456007,exact,,no
HP:0002134,Abnormal basal ganglia morphology,70835005,exact,,no
HP:0002138,Subarachnoid hemorrhage,21454007,exact,,no
HP:0002140,Ischemic stroke,422504002,exact,,no
HP:0002143,Abnormal spinal cord morphology,48522003,broad,,yes
HP:0002144,Tethered cord,70534000,exact,,no
HP:0002145,Frontotemporal dementia,230270009,exact,,no
HP:0002148,Hypophosphatemia,4996001,exact,,no
HP:0002149,Hyperuricemia,35885006,exact,,no
HP:0002150,Hypercalciuria,71938000,exact,,no
HP:0002152,Hyperproteinemia,37064009,exact,,no
HP:0002153,Hyperkalemia,14140009,narrow,,yes
HP:0002153,Hyperkalemia,166689004,narrow,,yes
HP:0002153,Hyperkalemia,238142003,narrow,,yes
HP:0002154,Hyperglycinemia,64654004,exact,,no
HP:0002156,Homocystinuria,11282001,exact,,no
HP:0002157,Azotemia,445009001,exact,,no
HP:0002161,Hyperlysinemia,58558003,exact,,no
HP:0002165,Nail pterygium,110987009,exact,,no
HP:0002168,Scanning speech,102935005,narrow,,yes
HP:0002168,Scanning speech,77420001,narrow,,yes
HP:0002169,Clonus,36649002,exact,,no
HP:0002170,Intracranial hemorrhage,1386000,exact,,no
HP:0002171,Gliosis,359580009,narrow,,yes
HP:0002171,Gliosis,81415000,broad,,yes
HP:0002174,Postural tremor,56610005,exact,,no
HP:0002176,Spinal cord compression,71286001,exact,,no
HP:0002179,Opisthotonus,8652009,exact,,no
HP:0002181,Cerebral edema,2032001,exact,,no
HP:0002183,Phonophobia,313387002,exact,,no
HP:0002185,Neurofibrillary tangles,85775002,exact,,no
HP:0002186,Apraxia,68345001,narrow,,yes
HP:0002186,Apraxia,6950007,narrow,,yes
HP:0002187,Profound intellectual disability,31216003,exact,,no
HP:0002190,Choroid plexus cyst,230790004,exact,,no
HP:0002194,Delayed gross motor development,430099007,exact,,no
HP:0002196,Myelopathy,48522003,broad,,yes
HP:0002197,Generalized-onset seizure,246545002,broad,,yes
HP:0002202,Pleural effusion,60046008,exact,,no
HP:0002203,Respiratory paralysis,64228003,broad,,yes
HP:0002204,Pulmonary embolism,59282003,exact,,no
HP:0002206,Pulmonary fibrosis,51615001,exact,,no
HP:0002208,Coarse hair,48610005,exact,,no
HP:0002211,White forelock,247564004,exact,,no
HP:0002212,Curly hair,225570000,exact,,no
HP:0002213,Fine hair,247546006,exact,,no
HP:0002216,Premature graying of hair,387833009,exact,,no
HP:0002223,Absent eyebrow,253208007,narrow,,yes
HP:0002223,Absent eyebrow,422441003,narrow,,yes
HP:0002224,Woolly hair,52564001,exact,,no
HP:0002232,Patchy alopecia,68225006,exact,,no
HP:0002239,Gastrointestinal hemorrhage,74474003,exact,,no
HP:0002240,Hepatomegaly,80515008,exact,,no
HP:0002242,Abnormal intestine morphology,85919009,exact,,no
HP:0002243,Protein-losing enteropathy,22542007,narrow,,yes
HP:0002243,Protein-losing enteropathy,66972006,narrow,,yes
HP:0002245,Meckel diverticulum,127962001,narrow,,yes
HP:0002245,Meckel diverticulum,37373007,narrow,,yes
HP:0002247,Duodenal atresia,51118003,exact,,no
HP:0002248,Hematemesis,8765009,exact,,no
HP:0002249,Melena,249627005,narrow,,yes
HP:0002249,Melena,267055007,narrow,,yes
HP:0002249,Melena,269899009,narrow,,yes
HP:0002249,Melena,2901004,narrow,,yes
HP:0002249,Melena,35064005,narrow,,yes
HP:0002253,Colonic diverticula,398050005,exact,,no
HP:0002256,Small bowel diverticula,8114009,exact,,no
HP:0002257,Chronic rhinitis,86094006,exact,,no
HP:0002267,Exaggerated startle response,19557000,exact,,no
HP:0002268,Paroxysmal dystonia,230310003,exact,,no
HP:0002273,Tetraparesis,91327001,exact,,no
HP:0002277,Horner syndrome,12731000,narrow,,yes
HP:0002277,Horner syndrome,192915005,narrow,,yes
HP:0002277,Horner syndrome,271730003,narrow,,yes
HP:0002282,Gray matter heterotopia,128490007,narrow,,yes
HP:0002282,Gray matter heterotopia,416286003,narrow,,yes
HP:0002282,Gray matter heterotopia,417338002,narrow,,yes
HP:0002286,Fair hair,297995004,exact,,no
HP:0002289,Alopecia universalis,86166000,exact,,no
HP:0002290,Poliosis,14240001,exact,,no
HP:0002292,Frontal balding,87872006,exact,,no
HP:0002293,Alopecia of scalp,278040002,broad,,yes
HP:0002293,Alopecia of scalp,298000004,narrow,,yes
HP:0002293,Alopecia of scalp,56317004,broad,,yes
HP:0002297,Red hair,297997007,exact,,no
HP:0002298,Absent hair,297991008,exact,,no
HP:0002299,Brittle hair,25159003,exact,,no
HP:0002300,Mutism,88052002,exact,,no
HP:0002301,Hemiplegia,50582007,exact,,no
HP:0002304,Akinesia,33994004,exact,,no
HP:0002305,Athetosis,44913001,narrow,,yes
HP:0002305,Athetosis,58593005,narrow,,yes
HP:0002307,Drooling,275295002,broad,,yes
HP:0002307,Drooling,53827007,broad,,yes
HP:0002307,Drooling,62718007,broad,,yes
HP:0002308,Chiari malformation,253184003,exact,,no
HP:0002310,Orofacial dyskinesia,49386006,exact,,no
HP:0002311,Incoordination,281016006,narrow,,yes
HP:0002311,Incoordination,302289002,narrow,,yes
HP:0002312,Clumsiness,7006003,exact,,no
HP:0002313,Spastic paraparesis,312444006,exact,,no
HP:0002315,Headache,25064002,exact,,no
HP:0002317,Unsteady gait,22631008,narrow,,yes
HP:0002317,Unsteady gait,394616008,narrow,,yes
HP:0002318,Cervical myelopathy,202664003,exact,,no
HP:0002321,Vertigo,271789005,narrow,,yes
HP:0002321,Vertigo,399090003,narrow,,yes
HP:0002321,Vertigo,399153001,narrow,,yes
HP:0002321,Vertigo,404640003,narrow,,yes
HP:0002322,Resting tremor,25082004,exact,,no
HP:0002323,Anencephaly,89369001,exact,,no
HP:0002324,Hydranencephaly,30023002,exact,,no
HP:0002329,Drowsiness,271782001,broad,,yes
HP:0002329,Drowsiness,79519003,broad,,yes
HP:0002335,Agenesis of cerebellar vermis,253175003,narrow,,yes
HP:0002335,Agenesis of cerebellar vermis,716997004,narrow,,yes
HP:0002342,Moderate intellectual disability,61152003,exact,,no
HP:0002343,Normal pressure hydrocephalus,30753002,exact,,no
HP:0002345,Action tremor,30721006,broad,,yes
HP:0002349,Focal aware seizure,117891000119100,narrow,onset,yes
HP:0002349,Focal aware seizure,79348005,narrow,onset,yes
HP:0002352,Leukoencephalopathy,22811006,exact,,no
HP:0002353,EEG abnormality,274521009,exact,,no
HP:0002354,Memory impairment,386807006,narrow,,yes
HP:0002354,Memory impairment,55533009,narrow,,yes
HP:0002356,Writer's cramp,52008007,exact,,no
HP:0002360,Sleep disturbance,53888004,exact,,no
HP:0002362,Shuffling gait,43005009,exact,,no
HP:0002367,Visual hallucination,64269007,exact,,no
HP:0002373,Febrile seizure (within the age range of 3 months to 6 years),41497008,exact,,no
HP:0002375,Hypokinesia,255385008,narrow,,yes
HP:0002375,Hypokinesia,43994002,narrow,,yes
HP:0002376,Developmental regression,609225004,exact,,no
HP:0002380,Fasciculations,82470000,exact,,no
HP:0002381,Aphasia,87486003,exact,,no
HP:0002383,Infectious encephalitis,45170000,exact,,no
HP:0002384,Focal impaired awareness seizure,4103001,exact,onset,no
HP:0002385,Paraparesis,1845001,exact,,no
HP:0002390,Spinal arteriovenous malformation,261482004,exact,,no
HP:0002396,Cogwheel rigidity,55630000,exact,,no
HP:0002403,Positive Romberg sign,298310004,exact,,no
HP:0002408,Cerebral arteriovenous malformation,234142008,exact,,no
HP:0002411,Myokymia,27678003,exact,,no
HP:0002414,Spina bifida,67531005,exact,,no
HP:0002415,Leukodystrophy,192781003,exact,,no
HP:0002425,Anarthria,48257004,exact,,no
HP:0002427,Expressive aphasia,229654003,narrow,,yes
HP:0002427,Expressive aphasia,229665008,narrow,,yes
HP:0002427,Expressive aphasia,328681008,narrow,,yes
HP:0002435,Meningocele,171131006,exact,,no
HP:0002436,Occipital meningocele,445468002,exact,,no
HP:0002442,Dyscalculia,47916000,exact,,no
HP:0002444,Hypothalamic hamartoma,237714006,exact,,no
HP:0002445,Tetraplegia,11538006,exact,,no
HP:0002446,Astrocytosis,81415000,broad,,yes
HP:0002457,Abnormal head movements,271799000,exact,,no
HP:0002460,Distal muscle weakness,249942005,exact,,no
HP:0002463,Language impairment,62305002,exact,,no
HP:0002464,Spastic dysarthria,229684006,exact,,no
HP:0002474,Expressive language delay,229734008,exact,,no
HP:0002475,Myelomeningocele,203994003,broad,,yes
HP:0002475,Myelomeningocele,414667000,broad,,yes
HP:0002480,Hepatic encephalopathy,13920009,narrow,,yes
HP:0002480,Hepatic encephalopathy,449902003,narrow,,yes
HP:0002486,Myotonia,3434004,exact,,no
HP:0002487,Hyperkinetic movements,44548000,broad,,yes
HP:0002487,Hyperkinetic movements,45352006,narrow,,yes
HP:0002488,Acute leukemia,24072005,narrow,,yes
HP:0002488,Acute leukemia,91855006,narrow,,yes
HP:0002494,Abnormal rapid eye movement sleep,69020003,exact,,no
HP:0002495,Impaired vibratory sensation,130980003,exact,,no
HP:0002507,Semilobar holoprosencephaly,253138008,exact,,no
HP:0002510,Spastic tetraplegia,192965001,exact,,no
HP:0002511,Alzheimer disease,230267005,narrow,,yes
HP:0002511,Alzheimer disease,26929004,narrow,,yes
HP:0002512,Brain stem compression,25816005,narrow,,yes
HP:0002512,Brain stem compression,5582005,narrow,,yes
HP:0002514,Cerebral calcification,17944005,exact,,no
HP:0002515,Waddling gait,271706000,exact,,no
HP:0002516,Increased intracranial pressure,271719001,exact,,no
HP:0002519,Hypnagogic hallucination,44780000,exact,,no
HP:0002521,Hypsarrhythmia,28055006,broad,,yes
HP:0002524,Cataplexy,46263000,exact,,no
HP:0002527,Falls,161898004,narrow,,yes
HP:0002527,Falls,1912002,narrow,,yes
HP:0002528,Granulovacuolar degeneration,90506004,exact,,no
HP:0002533,Abnormal posturing,43029002,exact,,no
HP:0002539,Cortical dysplasia,253153000,exact,,no
HP:0002540,Inability to walk,282145008,exact,,no
HP:0002542,Olivopontocerebellar atrophy,67761004,exact,,no
HP:0002557,Hypoplastic nipples,268290005,exact,,no
HP:0002558,Supernumerary nipple,50956007,exact,,no
HP:0002561,Absent nipple,248820000,exact,,no
HP:0002563,Constrictive pericarditis,85598007,exact,,no
HP:0002566,Intestinal malrotation,253789002,narrow,,yes
HP:0002566,Intestinal malrotation,29980002,narrow,,yes
HP:0002566,Intestinal malrotation,48641006,narrow,,yes
HP:0002570,Steatorrhea,27868004,narrow,,yes
HP:0002570,Steatorrhea,66187002,narrow,,yes
HP:0002571,Achalasia,45564002,exact,,no
HP:0002573,Hematochezia,236068001,narrow,,yes
HP:0002573,Hematochezia,405729008,narrow,,yes
HP:0002575,Tracheoesophageal fistula,95435007,exact,,no
HP:0002576,Intussusception,35327006,narrow,,yes
HP:0002576,Intussusception,49723003,narrow,,yes
HP:0002578,Gastroparesis,196753007,narrow,,yes
HP:0002578,Gastroparesis,235675006,narrow,,yes
HP:0002580,Volvulus,90738007,narrow,,yes
HP:0002580,Volvulus,9707006,narrow,,yes
HP:0002582,Atrophic gastritis,84568007,exact,,no
HP:0002583,Colitis,64226004,exact,,no
HP:0002584,Intestinal bleeding,712510007,exact,,no
HP:0002586,Peritonitis,48661000,exact,,no
HP:0002587,Projectile vomiting,8579004,exact,,no
HP:0002588,Duodenal ulcer,367474008,narrow,,yes
HP:0002588,Duodenal ulcer,51868009,narrow,,yes
HP:0002590,Paralytic ileus,55525008,exact,,no
HP:0002591,Polyphagia,267023007,narrow,,yes
HP:0002591,Polyphagia,58424009,narrow,,yes
HP:0002591,Polyphagia,72405004,narrow,,yes
HP:0002592,Gastric ulcer,397825006,exact,,no
HP:0002593,Intestinal lymphangiectasia,197260007,exact,,no
HP:0002594,Pancreatic hypoplasia,68591005,exact,,no
HP:0002605,Hepatic necrosis,87248009,exact,,no
HP:0002607,Bowel incontinence,72042002,exact,,no
HP:0002608,Celiac disease,396331005,broad,,yes
HP:0002612,Congenital hepatic fibrosis,79607001,exact,,no
HP:0002613,Biliary cirrhosis,1761006,narrow,,yes
HP:0002613,Biliary cirrhosis,31712002,narrow,,yes
HP:0002615,Hypotension,45007003,exact,,no
HP:0002616,Aortic root aneurysm,251036003,exact,,no
HP:0002617,Vascular dilatation,432119003,narrow,,yes
HP:0002617,Vascular dilatation,85659009,narrow,,yes
HP:0002619,Varicose veins,128060009,narrow,,yes
HP:0002619,Varicose veins,12856003,narrow,,yes
HP:0002619,Varicose veins,399989005,narrow,,yes
HP:0002621,Atherosclerosis,38716007,broad,,yes
HP:0002623,Overriding aorta,63934006,exact,,no
HP:0002625,Deep venous thrombosis,128053003,exact,,no
HP:0002630,Fat malabsorption,197494007,exact,,no
HP:0002633,Vasculitis,31996006,exact,,no
HP:0002634,Arteriosclerosis,107671003,narrow,,yes
HP:0002634,Arteriosclerosis,28960008,narrow,,yes
HP:0002634,Arteriosclerosis,72092001,narrow,,yes
HP:0002635,Type IV atherosclerotic lesion,38716007,broad,,yes
HP:0002637,Cerebral ischemia,287731003,narrow,,yes
HP:0002637,Cerebral ischemia,389100007,narrow,,yes
HP:0002638,Superficial thrombophlebitis,2477008,exact,,no
HP:0002639,Budd-Chiari syndrome,82385007,exact,,no
HP:0002645,Wormian bones,113194005,exact,,no
HP:0002647,Aortic dissection,308546005,exact,,no
HP:0002650,Scoliosis,111266001,narrow,,yes
HP:0002650,Scoliosis,64217002,narrow,,yes
HP:0002651,Spondyloepimetaphyseal dysplasia,254062008,exact,,no
HP:0002652,Skeletal dysplasia,105985007,narrow,,yes
HP:0002652,Skeletal dysplasia,240190009,narrow,,yes
HP:0002653,Bone pain,12584003,exact,,no
HP:0002654,Multiple epiphyseal dysplasia,59708000,exact,,no
HP:0002656,Epiphyseal dysplasia,254080004,exact,,no
HP:0002657,Spondylometaphyseal dysplasia,702350003,exact,,no
HP:0002664,Neoplasm,108369006,narrow,,yes
HP:0002664,Neoplasm,363346000,narrow,,yes
HP:0002665,Lymphoma,115244002,narrow,,yes
HP:0002665,Lymphoma,118600007,narrow,,yes
HP:0002665,Lymphoma,188676008,narrow,,yes
HP:0002665,Lymphoma,21964009,broad,,yes
HP:0002666,Pheochromocytoma,302835009,broad,,yes
HP:0002666,Pheochromocytoma,399343007,broad,,yes
HP:0002666,Pheochromocytoma,85583005,broad,,yes
HP:0002667,Nephroblastoma,25081006,narrow,,yes
HP:0002667,Nephroblastoma,302849000,narrow,,yes
HP:0002668,Paraganglioma,127027008,narrow,,yes
HP:0002668,Paraganglioma,253029009,narrow,,yes
HP:0002668,Paraganglioma,302833002,narrow,,yes
HP:0002668,Paraganglioma,72787006,narrow,,yes
HP:0002668,Paraganglioma,803009,narrow,,yes
HP:0002669,Osteosarcoma,21708004,narrow,,yes
HP:0002669,Osteosarcoma,307576001,narrow,,yes
HP:0002671,Basal cell carcinoma,1338007,narrow,,yes
HP:0002671,Basal cell carcinoma,254701007,narrow,,yes
HP:0002671,Basal cell carcinoma,275265005,narrow,,yes
HP:0002673,Coxa valga,299236004,exact,,no
HP:0002677,Small foramen magnum,444879009,exact,,no
HP:0002678,Skull asymmetry,248372000,exact,,no
HP:0002682,Broad skull,248374004,exact,,no
HP:0002691,Platybasia,86587003,broad,,yes
HP:0002697,Parietal foramina,11240000,narrow,,yes
HP:0002697,Parietal foramina,29307005,narrow,,yes
HP:0002716,Lymphadenopathy,30746006,exact,,no
HP:0002718,Recurrent bacterial infections,428875002,exact,,no
HP:0002720,Decreased circulating IgA concentration,29260007,exact,,no
HP:0002721,Immunodeficiency,234532001,exact,,no
HP:0002725,Systemic lupus erythematosus,55464009,exact,,no
HP:0002728,Recurrent mucocutaneous candidiasis,234568006,exact,,no
HP:0002740,Recurrent Escherichia coli infection,71057007,exact,,no
HP:0002745,Oral leukoplakia,414603003,narrow,,yes
HP:0002745,Oral leukoplakia,9187004,narrow,,yes
HP:0002748,Rickets,41345002,exact,,no
HP:0002749,Osteomalacia,4598005,exact,,no
HP:0002750,Delayed skeletal maturation,123983008,exact,,no
HP:0002751,Kyphoscoliosis,405773007,exact,,no
HP:0002754,Osteomyelitis,111253001,narrow,,yes
HP:0002754,Osteomyelitis,60168000,narrow,,yes
HP:0002756,Pathologic fracture,22640007,narrow,,yes
HP:0002756,Pathologic fracture,268029009,narrow,,yes
HP:0002757,Recurrent fractures,134291007,narrow,,yes
HP:0002757,Recurrent fractures,5468008,narrow,,yes
HP:0002758,Osteoarthritis,225655006,narrow,,yes
HP:0002758,Osteoarthritis,396275006,narrow,,yes
HP:0002762,Multiple exostoses,254044004,exact,,no
HP:0002777,Tracheal stenosis,11296007,exact,,no
HP:0002778,Abnormal tracheal morphology,47125007,exact,,no
HP:0002779,Tracheomalacia,95434006,exact,,no
HP:0002780,Bronchomalacia,54203008,exact,,no
HP:0002783,Recurrent lower respiratory tract infections,448739000,narrow,,yes
HP:0002783,Recurrent lower respiratory tract infections,50417007,narrow,,yes
HP:0002786,Tracheobronchomalacia,233788001,exact,,no
HP:0002787,Tracheal calcification,81089005,exact,,no
HP:0002788,Recurrent upper respiratory tract infections,195708003,exact,,no
HP:0002789,Tachypnea,271823003,exact,,no
HP:0002791,Hypoventilation,15993004,narrow,,yes
HP:0002791,Hypoventilation,31515003,narrow,,yes
HP:0002791,Hypoventilation,80954004,narrow,,yes
HP:0002792,Reduced vital capacity,274715008,narrow,,yes
HP:0002792,Reduced vital capacity,607007,narrow,,yes
HP:0002797,Osteolysis,203522001,narrow,,yes
HP:0002797,Osteolysis,30425001,narrow,,yes
HP:0002804,Arthrogryposis multiplex congenita,111246005,narrow,,yes
HP:0002804,Arthrogryposis multiplex congenita,77016009,narrow,,yes
HP:0002808,Kyphosis,414564002,exact,,no
HP:0002812,Coxa vara,74820003,exact,,no
HP:0002814,Abnormality of the lower limb,449715001,exact,,no
HP:0002821,Neuropathic arthropathy,359554008,narrow,,yes
HP:0002821,Neuropathic arthropathy,67536000,narrow,,yes
HP:0002827,Hip dislocation,157265008,exact,,no
HP:0002828,Multiple joint contractures,19393004,narrow,,yes
HP:0002828,Multiple joint contractures,202264009,narrow,,yes
HP:0002829,Arthralgia,57676002,exact,,no
HP:0002835,Aspiration,413585005,narrow,,yes
HP:0002835,Aspiration,68052005,narrow,,yes
HP:0002836,Bladder exstrophy,61758007,exact,,no
HP:0002840,Lymphadenitis,19471005,exact,,no
HP:0002857,Genu valgum,299330008,exact,,no
HP:0002859,Rhabdomyosarcoma,302847003,narrow,,yes
HP:0002859,Rhabdomyosarcoma,30924005,narrow,,yes
HP:0002860,Squamous cell carcinoma,28899001,narrow,,yes
HP:0002860,Squamous cell carcinoma,402815007,narrow,,yes
HP:0002861,Melanoma,2092003,broad,,yes
HP:0002861,Melanoma,372244006,broad,,yes
HP:0002862,Bladder carcinoma,255108000,exact,,no
HP:0002863,Myelodysplasia,109995007,narrow,,yes
HP:0002863,Myelodysplasia,128623006,narrow,,yes
HP:0002863,Myelodysplasia,188736006,narrow,,yes
HP:0002865,Medullary thyroid carcinoma,128916007,narrow,,yes
HP:0002865,Medullary thyroid carcinoma,255032005,narrow,,yes
HP:0002870,Obstructive sleep apnea,78275009,exact,,no
HP:0002875,Exertional dyspnea,60845006,exact,,no
HP:0002878,Respiratory failure,409622000,exact,,no
HP:0002883,Hyperventilation,68978004,exact,,no
HP:0002884,Hepatoblastoma,109843000,narrow,,yes
HP:0002884,Hepatoblastoma,45024009,narrow,,yes
HP:0002885,Medulloblastoma,443333004,narrow,,yes
HP:0002885,Medulloblastoma,83217000,narrow,,yes
HP:0002886,Vagal paraganglioma,253030004,exact,,no
HP:0002888,Ependymoma,443643007,narrow,,yes
HP:0002888,Ependymoma,57706008,narrow,,yes
HP:0002891,Uterine leiomyosarcoma,447389009,exact,,no
HP:0002893,Pituitary adenoma,128664001,narrow,,yes
HP:0002893,Pituitary adenoma,254956000,narrow,,yes
HP:0002894,Neoplasm of the pancreas,126859007,narrow,,yes
HP:0002894,Neoplasm of the pancreas,363418001,narrow,,yes
HP:0002895,Papillary thyroid carcinoma,255029007,exact,,no
HP:0002896,Neoplasm of the liver,126851005,narrow,,yes
HP:0002896,Neoplasm of the liver,93870000,narrow,,yes
HP:0002897,Parathyroid adenoma,128474007,exact,,no
HP:0002900,Hypokalemia,166690008,narrow,,yes
HP:0002900,Hypokalemia,43339004,narrow,,yes
HP:0002901,Hypocalcemia,5291005,exact,,no
HP:0002902,Hyponatremia,89627008,exact,,no
HP:0002904,Hyperbilirubinemia,26165005,exact,,no
HP:0002905,Hyperphosphatemia,20165001,exact,,no
HP:0002907,Microscopic hematuria,197940006,exact,,no
HP:0002908,Conjugated hyperbilirubinemia,9326001,exact,,no
HP:0002910,Elevated circulating hepatic transaminase concentration,166603001,narrow,,yes
HP:0002910,Elevated circulating hepatic transaminase concentration,166643006,narrow,,yes
HP:0002910,Elevated circulating hepatic transaminase concentration,75183008,broad,,yes
HP:0002912,Methylmalonic acidemia,42393006,exact,,no
HP:0002913,Myoglobinuria,48165008,exact,,no
HP:0002917,Hypomagnesemia,190855004,exact,,no
HP:0002918,Hypermagnesemia,66978005,exact,,no
HP:0002919,Ketonuria,274783007,narrow,,yes
HP:0002919,Ketonuria,36815008,narrow,,yes
HP:0002923,Rheumatoid factor positive,165839004,exact,,no
HP:0002925,Elevated circulating thyroid-stimulating hormone concentration,309080005,exact,,no
HP:0002927,Histidinuria,78311009,exact,,no
HP:0002930,Impaired sensitivity to thyroid hormone,111567006,narrow,,yes
HP:0002930,Impaired sensitivity to thyroid hormone,237559000,narrow,,yes
HP:0002930,Impaired sensitivity to thyroid hormone,237560005,narrow,,yes
HP:0002930,Impaired sensitivity to thyroid hormone,50375007,narrow,,yes
HP:0002932,Aldehyde oxidase deficiency,124161002,exact,,no
HP:0002933,Ventral hernia,414396006,exact,,no
HP:0002937,Hemivertebrae,68359008,exact,,no
HP:0002945,Intervertebral space narrowing,11301007,exact,,no
HP:0002946,Supernumerary vertebrae,87294007,exact,,no
HP:0002947,Cervical kyphosis,298393001,exact,,no
HP:0002953,Vertebral compression fracture,42942008,narrow,,yes
HP:0002953,Vertebral compression fracture,84138006,narrow,,yes
HP:0002955,Granulomatosis,443138004,narrow,,yes
HP:0002955,Granulomatosis,44328006,narrow,,yes
HP:0002960,Autoimmunity,85828009,exact,,no
HP:0002967,Cubitus valgus,54583007,exact,,no
HP:0002970,Genu varum,299331007,broad,,yes
HP:0002974,Radioulnar synostosis,33313004,exact,,no
HP:0002979,Bowing of the legs,299331007,broad,,yes
HP:0002983,Micromelia,74370006,exact,,no
HP:0002984,Hypoplasia of the radius,205170001,narrow,,yes
HP:0002984,Hypoplasia of the radius,93288001,narrow,,yes
HP:0002987,Elbow flexion contracture,202271004,exact,,no
HP:0002999,Patellar dislocation,263029007,exact,,no
HP:0003001,Glomus jugular tumor,127030001,narrow,,yes
HP:0003001,Glomus jugular tumor,32037004,narrow,,yes
HP:0003002,Breast carcinoma,254838004,exact,,no
HP:0003003,Colon cancer,363406005,exact,,no
HP:0003005,Ganglioneuroma,116371000119107,narrow,,yes
HP:0003005,Ganglioneuroma,128919000,narrow,,yes
HP:0003005,Ganglioneuroma,53801007,narrow,,yes
HP:0003006,Neuroblastoma,432328008,narrow,,yes
HP:0003006,Neuroblastoma,87364003,narrow,,yes
HP:0003034,Diaphyseal sclerosis,318761000119105,broad,,yes
HP:0003034,Diaphyseal sclerosis,34643004,broad,,yes
HP:0003040,Arthropathy,399269003,broad,,yes
HP:0003041,Humeroradial synostosis,205329008,exact,,no
HP:0003042,Elbow dislocation,125617002,narrow,,yes
HP:0003042,Elbow dislocation,417558002,narrow,,yes
HP:0003044,Shoulder flexion contracture,202265005,exact,,no
HP:0003048,Radial head subluxation,417109008,narrow,,yes
HP:0003048,Radial head subluxation,95854004,narrow,,yes
HP:0003049,Ulnar deviation of the wrist,43689004,exact,,no
HP:0003057,Tetraamelia,702313004,exact,,no
HP:0003067,Madelung deformity,4530000,exact,,no
HP:0003070,Elbow ankylosis,202307002,exact,,no
HP:0003072,Hypercalcemia,166702002,narrow,,yes
HP:0003072,Hypercalcemia,66931009,narrow,,yes
HP:0003073,Hypoalbuminemia,119247004,exact,,no
HP:0003074,Hyperglycemia,237598005,narrow,,yes
HP:0003074,Hyperglycemia,80394007,narrow,,yes
HP:0003075,Hypoproteinemia,8900005,exact,,no
HP:0003076,Glycosuria,45154002,exact,,no
HP:0003077,Hyperlipidemia,55822004,exact,,no
HP:0003083,Dislocated radial head,9634000,exact,,no
HP:0003089,Hamstring contractures,203074005,exact,,no
HP:0003095,Septic arthritis,372939007,narrow,,yes
HP:0003095,Septic arthritis,396234004,narrow,,yes
HP:0003097,Short femur,93255008,exact,,no
HP:0003108,Hyperglycinuria,236477004,exact,,no
HP:0003109,Hyperphosphaturia,22450000,exact,,no
HP:0003111,Abnormal circulating electrolyte concentration,237840007,exact,,no
HP:0003113,Hypochloremia,10399008,exact,,no
HP:0003115,Abnormal EKG,102594003,broad,,yes
HP:0003118,Increased circulating cortisol level,237735008,narrow,,yes
HP:0003118,Increased circulating cortisol level,275437005,narrow,,yes
HP:0003118,Increased circulating cortisol level,47270006,narrow,,yes
HP:0003119,Abnormal circulating lipid concentration,370992007,exact,,no
HP:0003124,Hypercholesterolemia,13644009,narrow,,yes
HP:0003124,Hypercholesterolemia,166830008,narrow,,yes
HP:0003125,Reduced factor VIII activity,234440005,exact,,no
HP:0003127,Hypocalciuria,86353007,exact,,no
HP:0003128,Lactic acidosis,190882007,narrow,,yes
HP:0003128,Lactic acidosis,91273001,narrow,,yes
HP:0003131,Cystinuria,85020001,exact,,no
HP:0003137,Prolinuria,53124003,exact,,no
HP:0003141,Elevated circulating LDL-C concentration,190773008,narrow,,yes
HP:0003141,Elevated circulating LDL-C concentration,398036000,narrow,,yes
HP:0003146,Hypocholesterolemia,61336008,exact,,no
HP:0003150,Glutaric aciduria,28987007,exact,,no
HP:0003153,Cystathioninuria,13003007,exact,,no
HP:0003158,Hyposthenuria,76023003,exact,,no
HP:0003159,Hyperoxaluria,367621000119107,exact,,no
HP:0003162,Fasting hypoglycemia,6974005,exact,,no
HP:0003167,Carnosinuria,410051001,exact,,no
HP:0003174,Abnormal ischium morphology,93008005,exact,,no
HP:0003179,Protrusio acetabuli,59606006,exact,,no
HP:0003186,Inverted nipples,82231009,exact,,no
HP:0003187,Breast hypoplasia,8915006,exact,,no
HP:0003193,Allergic rhinitis,61582004,exact,,no
HP:0003196,Short nose,249310005,exact,,no
HP:0003198,Myopathy,129565002,exact,,no
HP:0003201,Rhabdomyolysis,240131006,narrow,,yes
HP:0003201,Rhabdomyolysis,89010004,narrow,,yes
HP:0003202,Skeletal muscle atrophy,74035001,exact,,no
HP:0003218,Oroticaciduria,124277009,narrow,,yes
HP:0003218,Oroticaciduria,47641009,narrow,,yes
HP:0003225,Reduced coagulation factor V activity,4320005,narrow,,yes
HP:0003225,Reduced coagulation factor V activity,88776002,narrow,,yes
HP:0003228,Hypernatremia,286926003,narrow,,yes
HP:0003228,Hypernatremia,39355002,narrow,,yes
HP:0003231,Hypertyrosinemia,56595005,exact,,no
HP:0003233,Decreased circulating HDL-C concentration,190785000,exact,,no
HP:0003234,Decreased circulating carnitine concentration,421784001,exact,,no
HP:0003235,Hypermethioninemia,124283007,narrow,,yes
HP:0003235,Hypermethioninemia,43123004,narrow,,yes
HP:0003235,Hypermethioninemia,57835009,narrow,,yes
HP:0003239,Phosphoethanolaminuria,55236002,exact,,no
HP:0003244,Penile hypospadias,204888000,broad,,yes
HP:0003250,Aplasia of the vagina,248871003,narrow,,yes
HP:0003250,Aplasia of the vagina,87380008,broad,,yes
HP:0003251,Male infertility,2904007,exact,,no
HP:0003256,Abnormality of the coagulation cascade,362970003,broad,,yes
HP:0003256,Abnormality of the coagulation cascade,64779008,broad,,yes
HP:0003259,Elevated circulating creatinine concentration,166717003,exact,,no
HP:0003260,Hydroxyprolinemia,25739007,exact,,no
HP:0003262,Anti-smooth muscle antibody positivity,310290006,exact,,no
HP:0003264,Deficiency of N-acetylglucosamine-1-phosphotransferase,70199000,exact,,no
HP:0003265,Neonatal hyperbilirubinemia,281610001,exact,,no
HP:0003269,Sudanophilic leukodystrophy,64855000,exact,,no
HP:0003270,Abdominal distention,41931001,narrow,,yes
HP:0003270,Abdominal distention,60728008,narrow,,yes
HP:0003271,Visceromegaly,28543008,exact,,no
HP:0003273,Hip contracture,202283002,exact,,no
HP:0003279,Coxa magna,296041000119103,exact,,no
HP:0003286,Cystathioninemia,6669004,exact,,no
HP:0003298,Spina bifida occulta,76916001,exact,,no
HP:0003302,Spondylolisthesis,274152003,exact,,no
HP:0003304,Spondylolysis,240221008,exact,,no
HP:0003307,Hyperlordosis,249710008,narrow,,yes
HP:0003307,Hyperlordosis,61960001,narrow,,yes
HP:0003318,Cervical spine hypermobility,298186005,exact,,no
HP:0003326,Myalgia,68962001,exact,,no
HP:0003343,Reduced glutathione synthetase level,124706000,narrow,,yes
HP:0003343,Reduced glutathione synthetase level,234589002,narrow,,yes
HP:0003343,Reduced glutathione synthetase level,39112005,narrow,,yes
HP:0003348,Hyperalaninemia,2359002,exact,,no
HP:0003353,Propionyl-CoA carboxylase deficiency,124718009,broad,,yes
HP:0003353,Propionyl-CoA carboxylase deficiency,69080001,broad,,yes
HP:0003355,Aminoaciduria,35912001,exact,,no
HP:0003361,Tryptophanuria,18789002,exact,,no
HP:0003363,Abdominal situs inversus,27317008,broad,,yes
HP:0003363,Abdominal situs inversus,43876007,broad,,yes
HP:0003365,Arthralgia of the hip,49218002,broad,,yes
HP:0003375,Narrow greater sciatic notch,289457006,exact,,no
HP:0003376,Steppage gait,27253007,exact,,no
HP:0003388,Easy fatigability,248268002,exact,,no
HP:0003391,Gowers sign,298294005,narrow,,yes
HP:0003391,Gowers sign,85905009,narrow,,yes
HP:0003394,Muscle spasm,55300003,exact,,no
HP:0003396,Syringomyelia,111496009,exact,,no
HP:0003401,Paresthesia,91019004,exact,,no
HP:0003414,Atlantoaxial dislocation,263042007,narrow,,yes
HP:0003414,Atlantoaxial dislocation,45179004,narrow,,yes
HP:0003418,Back pain,161891005,exact,,no
HP:0003419,Low back pain,279039007,exact,,no
HP:0003422,Vertebral segmentation defect,205455005,exact,,no
HP:0003429,CNS hypomyelination,111007000,exact,,no
HP:0003438,Absent Achilles reflex,274818004,exact,,no
HP:0003452,Elevated circulating iron concentration,165624002,exact,,no
HP:0003457,EMG abnormality,274523007,exact,,no
HP:0003467,Atlantoaxial instability,202820009,exact,,no
HP:0003468,Abnormal vertebral morphology,205043005,narrow,,yes
HP:0003468,Abnormal vertebral morphology,74877002,narrow,,yes
HP:0003470,Paralysis,44695005,exact,,no
HP:0003472,Hypocalcemic tetany,190869004,exact,,no
HP:0003474,Somatic sensory dysfunction,397974008,narrow,,yes
HP:0003474,Somatic sensory dysfunction,398026008,narrow,,yes
HP:0003474,Somatic sensory dysfunction,59073000,narrow,,yes
HP:0003477,Peripheral axonal neuropathy,128208007,narrow,,yes
HP:0003477,Peripheral axonal neuropathy,60703000,narrow,,yes
HP:0003484,Upper limb muscle weakness,713512009,exact,,no
HP:0003487,Babinski sign,246586009,narrow,,yes
HP:0003487,Babinski sign,366575004,narrow,,yes
HP:0003493,Antinuclear antibody positivity,165850001,exact,,no
HP:0003510,Severe short stature,237836003,broad,,yes
HP:0003510,Severe short stature,237837007,narrow,,yes
HP:0003510,Severe short stature,422065006,narrow,,yes
HP:0003534,Reduced xanthine dehydrogenase level,124147007,narrow,,yes
HP:0003534,Reduced xanthine dehydrogenase level,72682008,narrow,,yes
HP:0003535,3-Methylglutaconic aciduria,237950009,exact,,no
HP:0003537,Hypouricemia,4519003,exact,,no
HP:0003546,Exercise intolerance,267044007,exact,,no
HP:0003547,Shoulder girdle muscle weakness,249940002,exact,,no
HP:0003551,Difficulty climbing stairs,282195009,exact,,no
HP:0003552,Muscle stiffness,16046003,broad,,yes
HP:0003560,Muscular dystrophy,193225000,narrow,,yes
HP:0003560,Muscular dystrophy,73297009,narrow,,yes
HP:0003563,Decreased circulating LDL-C concentration,190786004,exact,,no
HP:0003565,Elevated erythrocyte sedimentation rate,165468009,exact,,no
HP:0003568,Decreased glucosephosphate isomerase level,124669001,exact,,no
HP:0003570,Molybdenum cofactor deficiency,29692004,exact,,no
HP:0003571,Propionic acidemia,124718009,broad,,yes
HP:0003571,Propionic acidemia,69080001,broad,,yes
HP:0003573,Increased total bilirubin,176271000119108,exact,,no
HP:0003587,Insidious onset,367326009,narrow,course/temporality,yes
HP:0003587,Insidious onset,61751001,narrow,course/temporality,yes
HP:0003614,Trimethylaminuria,237959005,exact,,no
HP:0003634,Amyoplasia,205532005,exact,,no
HP:0003641,Hemoglobinuria,68600005,exact,,no
HP:0003643,Sulfite oxidase deficiency,367368009,exact,,no
HP:0003645,Prolonged partial thromboplastin time,409675001,exact,,no
HP:0003651,Foam cells,16980002,exact,,no
HP:0003654,Reduced dihydropyrimidine dehydrogenase level,77365006,exact,,no
HP:0003676,Progressive,252157006,narrow,course/temporality,yes
HP:0003676,Progressive,255314001,narrow,course/temporality,yes
HP:0003680,Nonprogressive,702322003,exact,course/temporality,no
HP:0003690,Limb muscle weakness,713514005,exact,,no
HP:0003691,Scapular winging,17211005,exact,,no
HP:0003698,Difficulty standing,249902000,exact,,no
HP:0003701,Proximal muscle weakness,249939004,exact,,no
HP:0003715,Myofibrillar myopathy,699269005,exact,,no
HP:0003731,Quadriceps muscle weakness,300948004,exact,,no
HP:0003737,Mitochondrial myopathy,16851005,exact,,no
HP:0003749,Pelvic girdle muscle weakness,249941003,exact,,no
HP:0003750,Increased muscle fatiguability,80449002,exact,,no
HP:0003756,Skeletal myopathy,75047002,exact,,no
HP:0003758,Reduced subcutaneous adipose tissue,248316006,exact,,no
HP:0003761,Calcinosis,6595006,exact,,no
HP:0003762,Uterus didelphys,15545001,narrow,,yes
HP:0003762,Uterus didelphys,22504001,narrow,,yes
HP:0003763,Bruxism,191983006,narrow,,yes
HP:0003763,Bruxism,90207007,narrow,,yes
HP:0003764,Nevus,21119008,broad,,yes
HP:0003764,Nevus,400096001,broad,,yes
HP:0003764,Nevus,51697005,narrow,,yes
HP:0003765,Psoriasiform dermatitis,9014002,exact,,no
HP:0003768,Periodic paralysis,198030008,exact,,no
HP:0003771,Pulp calcification,57602001,exact,,no
HP:0003774,Stage 5 chronic kidney disease,433146000,exact,,no
HP:0003777,Pili torti,17170005,exact,,no
HP:0003781,Excessive salivation,275295002,broad,,yes
HP:0003781,Excessive salivation,53827007,broad,,yes
HP:0003781,Excessive salivation,62718007,broad,,yes
HP:0003811,Neonatal death,276506001,exact,course/temporality,no
HP:0003826,Stillbirth,237364002,narrow,course/temporality,yes
HP:0003826,Stillbirth,276507005,narrow,course/temporality,yes
HP:0003834,Shoulder dislocation,125615005,narrow,,yes
HP:0003834,Shoulder dislocation,417076003,narrow,,yes
HP:0003835,Shoulder subluxation,263051004,exact,,no
HP:0003939,Humeroulnar synostosis,205330003,exact,,no
HP:0003940,Osteoarthritis of the elbow,239866002,exact,,no
HP:0003978,Fractured radius,12676007,exact,,no
HP:0003987,Fractured ulna,54556006,exact,,no
HP:0003994,Dislocated wrist,125618007,exact,,no
HP:0004050,Absent hand,371199008,exact,,no
HP:0004060,Trident hand,249755001,exact,,no
HP:0004097,Deviation of finger,203556007,narrow,,yes
HP:0004097,Deviation of finger,26517000,narrow,,yes
HP:0004099,Macrodactyly,48449000,exact,,no
HP:0004232,Accessory carpal bones,20136007,narrow,,yes
HP:0004232,Accessory carpal bones,9181003,narrow,,yes
HP:0004277,Fractured hand bones,20511007,exact,,no
HP:0004299,Hernia of the abdominal wall,128545000,exact,,no
HP:0004305,Involuntary movements,102542000,exact,,no
HP:0004308,Ventricular arrhythmia,44103008,exact,,no
HP:0004309,Ventricular preexcitation,195060002,exact,,no
HP:0004313,Decreased circulating immunoglobulin concentration,119250001,exact,,no
HP:0004315,Decreased circulating IgG concentration,123785006,narrow,,yes
HP:0004315,Decreased circulating IgG concentration,190981001,narrow,,yes
HP:0004319,Decreased circulating aldosterone concentration,60086000,exact,,no
HP:0004320,Vaginal fistula,45135002,exact,,no
HP:0004321,Bladder fistula,68666001,exact,,no
HP:0004322,Short stature,237836003,broad,,yes
HP:0004324,Increased body weight,161831008,narrow,,yes
HP:0004324,Increased body weight,262286000,narrow,,yes
HP:0004324,Increased body weight,8943002,narrow,,yes
HP:0004325,Decreased body weight,161832001,broad,,yes
HP:0004325,Decreased body weight,248342006,narrow,,yes
HP:0004325,Decreased body weight,262285001,broad,,yes
HP:0004325,Decreased body weight,89362005,broad,,yes
HP:0004326,Cachexia,238108007,narrow,,yes
HP:0004326,Cachexia,285384003,narrow,,yes
HP:0004330,Increased skull ossification,17401000119104,exact,,no
HP:0004331,Decreased skull ossification,253980008,exact,,no
HP:0004332,Abnormal lymphocyte morphology,250284007,exact,,no
HP:0004334,Dermal atrophy,399979006,narrow,,yes
HP:0004334,Dermal atrophy,400190005,narrow,,yes
HP:0004372,Reduced consciousness,3006004,exact,,no
HP:0004373,Focal dystonia,445006008,exact,,no
HP:0004375,Neoplasm of the nervous system,126950007,exact,,no
HP:0004377,Hematological neoplasm,129154003,broad,,yes
HP:0004377,Hematological neoplasm,269475001,broad,,yes
HP:0004380,Aortic valve calcification,250978003,exact,,no
HP:0004381,Supravalvular aortic stenosis,268185002,exact,,no
HP:0004382,Mitral valve calcification,473372009,exact,,no
HP:0004383,Hypoplastic left ventricle,62067003,exact,laterality,no
HP:0004385,Protracted diarrhea,236077008,exact,,no
HP:0004387,Enterocolitis,43752006,exact,,no
HP:0004388,Microcolon,18389004,exact,,no
HP:0004389,Intestinal pseudo-obstruction,235825006,narrow,,yes
HP:0004389,Intestinal pseudo-obstruction,715201005,narrow,,yes
HP:0004390,Hamartomatous polyposis,27391005,exact,,no
HP:0004392,Prune belly,5187006,exact,,no
HP:0004394,Multiple gastric polyps,78809005,narrow,,yes
HP:0004394,Multiple gastric polyps,87252009,narrow,,yes
HP:0004395,Malnutrition,248325000,narrow,,yes
HP:0004395,Malnutrition,2492009,narrow,,yes
HP:0004395,Malnutrition,47563007,narrow,,yes
HP:0004395,Malnutrition,65404009,narrow,,yes
HP:0004395,Malnutrition,70241007,narrow,,yes
HP:0004396,Poor appetite,64379006,exact,,no
HP:0004397,Ectopic anus,5153001,exact,,no
HP:0004398,Peptic ulcer,13200003,exact,,no
HP:0004401,Meconium ileus,206523001,narrow,,yes
HP:0004401,Meconium ileus,233662009,narrow,,yes
HP:0004401,Meconium ileus,86092005,narrow,,yes
HP:0004404,Abnormal nipple morphology,700153004,exact,,no
HP:0004409,Hyposmia,83156004,exact,,no
HP:0004411,Deviated nasal septum,126660000,exact,,no
HP:0004414,Abnormality of the pulmonary artery,128588008,narrow,,yes
HP:0004414,Abnormality of the pulmonary artery,198914002,narrow,,yes
HP:0004414,Abnormality of the pulmonary artery,36110001,narrow,,yes
HP:0004415,Pulmonary artery stenosis,95441000,exact,,no
HP:0004417,Intermittent claudication,63491006,exact,,no
HP:0004418,Thrombophlebitis,64156001,exact,,no
HP:0004420,Arterial thrombosis,65198009,exact,,no
HP:0004423,Cranium bifidum occultum,718099006,exact,,no
HP:0004428,Elfin facies,69288002,exact,,no
HP:0004430,Severe combined immunodeficiency,31323000,exact,,no
HP:0004431,Reduced circulating complement concentration,24743004,exact,,no
HP:0004432,Agammaglobulinemia,119249001,exact,,no
HP:0004433,Decreased secretory IgA concentration,234554004,exact,,no
HP:0004438,Hyperostosis frontalis interna,82054006,exact,,no
HP:0004439,Craniofacial dysostosis,28861008,exact,,no
HP:0004442,Sagittal craniosynostosis,109418001,exact,,no
HP:0004443,Lambdoidal craniosynostosis,109417006,exact,,no
HP:0004444,Spherocytosis,17235000,exact,,no
HP:0004445,Elliptocytosis,178935009,narrow,,yes
HP:0004445,Elliptocytosis,191169008,narrow,,yes
HP:0004445,Elliptocytosis,250242004,narrow,,yes
HP:0004447,Poikilocytosis,165479004,exact,,no
HP:0004448,Fulminant hepatic failure,197270009,broad,,yes
HP:0004448,Fulminant hepatic failure,235884008,broad,,yes
HP:0004459,Exostosis of the external auditory canal,19560007,exact,,no
HP:0004464,Postauricular pit,43887004,exact,,no
HP:0004467,Preauricular pit,1955003,narrow,,yes
HP:0004467,Preauricular pit,204271000,narrow,,yes
HP:0004467,Preauricular pit,204272007,narrow,,yes
HP:0004469,Chronic bronchitis,63480004,exact,,no
HP:0004482,Relative macrocephaly,3961000119101,exact,,no
HP:0004487,Acrobrachycephaly,711039004,exact,,no
HP:0004568,Beaking of vertebral bodies,19888007,exact,,no
HP:0004602,Cervical C2/C3 vertebral fusion,388981000,narrow,,yes
HP:0004602,Cervical C2/C3 vertebral fusion,5601008,narrow,,yes
HP:0004610,Lumbar spinal canal stenosis,18347007,exact,,no
HP:0004684,Talipes valgus,79807003,exact,,no
HP:0004691,2-3 toe syndactyly,205145001,broad,,yes
HP:0004712,Renal malrotation,49008000,exact,,no
HP:0004722,Thickened glomerular basement membrane,264932002,exact,,no
HP:0004743,Chronic tubulointerstitial nephritis,60926001,exact,,no
HP:0004746,Glomerular subendothelial electron-dense deposits,59479006,exact,,no
HP:0004749,Atrial flutter,5370000,exact,,no
HP:0004751,Paroxysmal ventricular tachycardia,66657009,exact,,no
HP:0004754,Permanent atrial fibrillation,426749004,narrow,,yes
HP:0004754,Permanent atrial fibrillation,440028005,narrow,,yes
HP:0004755,Supraventricular tachycardia,6456007,exact,,no
HP:0004756,Ventricular tachycardia,25569003,exact,,no
HP:0004757,Paroxysmal atrial fibrillation,282825002,exact,,no
HP:0004763,Paroxysmal supraventricular tachycardia,67198005,exact,,no
HP:0004764,Myxomatous mitral valve degeneration,253395003,narrow,,yes
HP:0004764,Myxomatous mitral valve degeneration,42069006,narrow,,yes
HP:0004783,Duodenal polyposis,301797007,exact,,no
HP:0004785,Malrotation of colon,6477005,exact,,no
HP:0004787,Fulminant hepatitis,427044009,exact,,no
HP:0004789,Lactose intolerance,267425008,narrow,,yes
HP:0004789,Lactose intolerance,700094005,narrow,,yes
HP:0004791,Esophageal ulceration,30811009,exact,,no
HP:0004796,Gastrointestinal obstruction,126765001,exact,,no
HP:0004798,Recurrent infection of the gastrointestinal tract,715852004,exact,,no
HP:0004800,Duodenal diverticula,197083003,exact,,no
HP:0004804,Congenital hemolytic anemia,38911009,narrow,,yes
HP:0004804,Congenital hemolytic anemia,42601008,narrow,,yes
HP:0004808,Acute myeloid leukemia,17788007,broad,,yes
HP:0004808,Acute myeloid leukemia,413443009,broad,,yes
HP:0004808,Acute myeloid leukemia,91861009,broad,,yes
HP:0004809,Neonatal alloimmune thrombocytopenia,240305000,exact,,no
HP:0004810,Congenital hypoplastic anemia,234371002,narrow,,yes
HP:0004810,Congenital hypoplastic anemia,52951008,narrow,,yes
HP:0004810,Congenital hypoplastic anemia,88854002,narrow,,yes
HP:0004813,Post-transfusion thrombocytopenia,73162004,exact,,no
HP:0004818,Paroxysmal nocturnal hemoglobinuria,1963002,exact,,no
HP:0004820,Acute myelomonocytic leukemia,110005000,narrow,,yes
HP:0004820,Acute myelomonocytic leukemia,277601005,narrow,,yes
HP:0004820,Acute myelomonocytic leukemia,30962008,narrow,,yes
HP:0004828,Refractory anemia with ringed sideroblasts,109998009,narrow,,yes
HP:0004828,Refractory anemia with ringed sideroblasts,128846006,narrow,,yes
HP:0004836,Acute promyelocytic leukemia,110004001,narrow,,yes
HP:0004836,Acute promyelocytic leukemia,28950004,narrow,,yes
HP:0004839,Pyropoikilocytosis,9434008,exact,,no
HP:0004840,Hypochromic microcytic anemia,44666001,exact,,no
HP:0004841,Reduced factor XII activity,46981006,exact,,no
HP:0004844,Coombs-positive hemolytic anemia,74789008,exact,,no
HP:0004845,Acute monocytic leukemia,22331004,narrow,,yes
HP:0004845,Acute monocytic leukemia,413441006,narrow,,yes
HP:0004848,Ph-positive acute lymphoblastic leukemia,425688002,narrow,,yes
HP:0004848,Ph-positive acute lymphoblastic leukemia,426955004,narrow,,yes
HP:0004850,Recurrent deep vein thrombosis,710167004,exact,,no
HP:0004855,Reduced protein S activity,1563006,exact,,no
HP:0004856,Normochromic microcytic anemia,4984008,exact,,no
HP:0004859,Amegakaryocytic thrombocytopenia,234482009,exact,,no
HP:0004860,Thiamine-responsive megaloblastic anemia,12907000,exact,,no
HP:0004864,Elevated bone marrow ring sideroblast count,41841004,broad,,yes
HP:0004870,Chronic hemolytic anemia,707480001,exact,,no
HP:0004871,Perineal fistula,284077005,exact,,no
HP:0004872,Incisional hernia,236037000,narrow,,yes
HP:0004872,Incisional hernia,241556001,narrow,,yes
HP:0004879,Intermittent hyperventilation,423427003,exact,,no
HP:0004886,Congenital laryngeal stridor,55490007,exact,,no
HP:0004904,Maturity-onset diabetes of the young,609561005,exact,,no
HP:0004905,Reduced circulating vitamin A concentration,72000004,exact,,no
HP:0004906,Hypernatremic dehydration,427784006,exact,,no
HP:0004912,Hypophosphatemic rickets,66266003,exact,,no
HP:0004919,Galactose intolerance,190745006,broad,,yes
HP:0004919,Galactose intolerance,190749000,broad,,yes
HP:0004923,Hyperphenylalaninemia,68528007,exact,,no
HP:0004927,Pulmonary artery dilatation,251047005,exact,,no
HP:0004934,Vascular calcification,237897009,exact,,no
HP:0004935,Pulmonary artery atresia,10930001,narrow,,yes
HP:0004935,Pulmonary artery atresia,204443008,narrow,,yes
HP:0004936,Venous thrombosis,111293003,exact,,no
HP:0004937,Pulmonary artery aneurysm,194892009,exact,,no
HP:0004942,Aortic aneurysm,67362008,exact,,no
HP:0004944,Dilatation of the cerebral artery,128608001,exact,,no
HP:0004947,Arteriovenous fistula,128617001,narrow,,yes
HP:0004947,Arteriovenous fistula,439470001,narrow,,yes
HP:0004950,Peripheral arterial stenosis,399957001,narrow,,yes
HP:0004950,Peripheral arterial stenosis,400047006,narrow,,yes
HP:0004952,Pulmonary arteriovenous fistulas,111289009,exact,,no
HP:0004960,Absent pulmonary artery,86252004,exact,,no
HP:0004969,Peripheral pulmonary artery stenosis,253631001,exact,,no
HP:0004970,Ascending tubular aorta aneurysm,253645007,exact,,no
HP:0004971,Pulmonary artery hypoplasia,54682008,exact,,no
HP:0004976,Knee dislocation,58320001,exact,,no
HP:0005001,Recurrent patellar dislocation,202246002,exact,,no
HP:0005086,Knee osteoarthritis,239873007,exact,,no
HP:0005101,High-frequency hearing impairment,232326009,narrow,,yes
HP:0005101,High-frequency hearing impairment,48758008,narrow,,yes
HP:0005110,Atrial fibrillation,49436004,exact,,no
HP:0005115,Supraventricular arrhythmia,72654001,exact,,no
HP:0005133,Right ventricular dilatation,253522006,exact,laterality,no
HP:0005134,Absence of the pulmonary valve,6996004,exact,,no
HP:0005143,Anomalous origin of right pulmonary artery from ascending aorta,253634009,exact,,no
HP:0005145,Coronary artery stenosis,233970002,exact,,no
HP:0005151,Preductal coarctation of the aorta,13867009,exact,,no
HP:0005155,Ventricular escape rhythm,81898007,exact,,no
HP:0005160,Total anomalous pulmonary venous return,111323005,broad,,yes
HP:0005160,Total anomalous pulmonary venous return,39905002,broad,,yes
HP:0005162,Abnormal left ventricular function,275514001,narrow,,yes
HP:0005162,Abnormal left ventricular function,85232009,narrow,,yes
HP:0005165,Shortened PR interval,49578007,exact,,no
HP:0005172,Left posterior fascicular block,62026008,exact,laterality,no
HP:0005180,Tricuspid regurgitation,111287006,exact,,no
HP:0005182,Bicuspid pulmonary valve,253599005,exact,,no
HP:0005186,Synovial lining hyperplasia,240206002,exact,,no
HP:0005191,Congenital knee dislocation,59068006,exact,,no
HP:0005200,Retroperitoneal fibrosis,49120005,exact,,no
HP:0005203,Spontaneous esophageal perforation,19995004,exact,,no
HP:0005206,Pancreatic pseudocyst,111374002,exact,,no
HP:0005208,Secretory diarrhea,15699003,exact,,no
HP:0005209,Intrahepatic bile duct cysts,235925007,exact,,no
HP:0005214,Intestinal obstruction,81060008,exact,,no
HP:0005216,Impaired mastication,162020001,exact,,no
HP:0005224,Rectal abscess,197166005,narrow,,yes
HP:0005224,Rectal abscess,91669008,narrow,,yes
HP:0005230,Biliary tract obstruction,235918000,exact,,no
HP:0005231,Chronic gastritis,8493009,exact,,no
HP:0005233,Hypoplasia of the gallbladder,93259002,exact,,no
HP:0005235,Jejunal atresia,204702007,narrow,,yes
HP:0005235,Jejunal atresia,360491009,narrow,,yes
HP:0005240,Esophageal obstruction,405247003,exact,,no
HP:0005241,Total intestinal aganglionosis,204745000,exact,,no
HP:0005242,Extrahepatic biliary duct atresia,77480004,broad,,yes
HP:0005242,Extrahepatic biliary duct atresia,82821008,broad,,yes
HP:0005246,Giant hypertrophic gastritis,413219009,narrow,,yes
HP:0005246,Giant hypertrophic gastritis,60002000,narrow,,yes
HP:0005261,Joint hemorrhage,81808003,exact,,no
HP:0005263,Gastritis,4556007,exact,,no
HP:0005264,Abnormality of the gallbladder,253803008,narrow,,yes
HP:0005264,Abnormality of the gallbladder,49714001,narrow,,yes
HP:0005266,Intestinal polyp,254588001,exact,,no
HP:0005268,Miscarriage,17369002,exact,course/temporality,no
HP:0005293,Venous insufficiency,20696009,exact,,no
HP:0005294,Arterial dissection,233992003,narrow,,yes
HP:0005294,Arterial dissection,26845001,narrow,,yes
HP:0005294,Arterial dissection,710864009,narrow,,yes
HP:0005294,Arterial dissection,9406001,narrow,,yes
HP:0005295,Pseudocoarctation of the aorta,70602002,exact,,no
HP:0005301,Persistent left superior vena cava,77978002,exact,,no
HP:0005302,Carotid artery tortuosity,401051003,exact,,no
HP:0005305,Cerebral venous thrombosis,95455008,exact,,no
HP:0005306,Capillary hemangioma,195382003,narrow,,yes
HP:0005306,Capillary hemangioma,254206003,narrow,,yes
HP:0005306,Capillary hemangioma,402867006,narrow,,yes
HP:0005306,Capillary hemangioma,56975005,broad,,yes
HP:0005306,Capillary hemangioma,83343001,narrow,,yes
HP:0005313,Arterial fibromuscular dysplasia,31653004,narrow,,yes
HP:0005313,Arterial fibromuscular dysplasia,359553002,narrow,,yes
HP:0005318,Cerebral vasculitis,427020007,exact,,no
HP:0005321,Mandibulofacial dysostosis,82203000,exact,,no
HP:0005323,Hemifacial hypertrophy,10394003,narrow,,yes
HP:0005323,Hemifacial hypertrophy,697962004,narrow,,yes
HP:0005348,Inspiratory stridor,58596002,exact,,no
HP:0005359,Aplasia of the thymus,702623002,narrow,,yes
HP:0005359,Aplasia of the thymus,91918005,narrow,,yes
HP:0005413,Elevated circulating alpha-globulin concentration,124022007,exact,,no
HP:0005432,Transient hypogammaglobulinemia of infancy,88714009,exact,,no
HP:0005446,Obtuse angle of mandible,709997007,exact,,no
HP:0005458,Premature closure of fontanelles,1667003,narrow,,yes
HP:0005458,Premature closure of fontanelles,57219006,broad,,yes
HP:0005486,Small fontanelle,276710001,exact,,no
HP:0005505,Refractory anemia,128845005,exact,,no
HP:0005506,Chronic myelogenous leukemia,63364005,narrow,,yes
HP:0005506,Chronic myelogenous leukemia,92818009,narrow,,yes
HP:0005508,Monoclonal elevation of circulating IgM concentration,190817009,narrow,,yes
HP:0005508,Monoclonal elevation of circulating IgM concentration,190818004,narrow,,yes
HP:0005508,Monoclonal elevation of circulating IgM concentration,35562000,narrow,,yes
HP:0005521,Disseminated intravascular coagulation,67406007,exact,,no
HP:0005522,Pyridoxine-responsive sideroblastic anemia,191260004,narrow,,yes
HP:0005522,Pyridoxine-responsive sideroblastic anemia,25443007,narrow,,yes
HP:0005523,Lymphoproliferative disorder,277466009,narrow,,yes
HP:0005523,Lymphoproliferative disorder,414629003,narrow,,yes
HP:0005523,Lymphoproliferative disorder,77121009,narrow,,yes
HP:0005523,Lymphoproliferative disorder,84631004,narrow,,yes
HP:0005526,Lymphoid leukemia,188725004,narrow,,yes
HP:0005526,Lymphoid leukemia,32280000,narrow,,yes
HP:0005527,Reduced kininogen activity,27312002,exact,,no
HP:0005531,Biphenotypic acute leukemia,128818009,narrow,,yes
HP:0005531,Biphenotypic acute leukemia,278453007,narrow,,yes
HP:0005534,Transient myeloproliferative syndrome,450934005,exact,,no
HP:0005541,Congenital agranulocytosis,89655007,exact,,no
HP:0005543,Reduced protein C activity,76407009,exact,,no
HP:0005547,Myeloproliferative disorder,414794006,narrow,,yes
HP:0005547,Myeloproliferative disorder,425333006,narrow,,yes
HP:0005550,Chronic lymphatic leukemia,277473004,narrow,,yes
HP:0005550,Chronic lymphatic leukemia,51092000,narrow,,yes
HP:0005550,Chronic lymphatic leukemia,92814006,narrow,,yes
HP:0005558,Chronic leukemia,128933000,narrow,,yes
HP:0005558,Chronic leukemia,92812005,narrow,,yes
HP:0005561,Abnormal bone marrow cell morphology,127035006,exact,,no
HP:0005562,Multiple renal cysts,253883006,exact,,no
HP:0005575,Hemolytic-uremic syndrome,111407006,exact,,no
HP:0005584,Renal cell carcinoma,41607009,broad,,yes
HP:0005584,Renal cell carcinoma,702391001,narrow,,yes
HP:0005600,Congenital giant melanocytic nevus,10291008,narrow,,yes
HP:0005600,Congenital giant melanocytic nevus,254815002,narrow,,yes
HP:0005609,Gallbladder dysfunction,51047007,exact,,no
HP:0005616,Accelerated skeletal maturation,123982003,exact,,no
HP:0005645,Intervertebral disk calcification,240211000,exact,,no
HP:0005661,Salmonella osteomyelitis,6803002,exact,,no
HP:0005667,Os odontoideum,445242006,exact,,no
HP:0005679,Dupuytren contracture,203045001,narrow,,yes
HP:0005679,Dupuytren contracture,203047009,narrow,,yes
HP:0005679,Dupuytren contracture,274142002,narrow,,yes
HP:0005679,Dupuytren contracture,410813000,narrow,,yes
HP:0005681,Juvenile rheumatoid arthritis,410795001,exact,,no
HP:0005684,Distal arthrogryposis,24269006,exact,,no
HP:0005696,Postaxial polydactyly type A,715704001,exact,,no
HP:0005701,Multiple enchondromatosis,268274005,exact,,no
HP:0005709,2-3 toe cutaneous syndactyly,205145001,broad,,yes
HP:0005743,Avascular necrosis of the capital femoral epiphysis,111255008,narrow,,yes
HP:0005743,Avascular necrosis of the capital femoral epiphysis,240241003,narrow,,yes
HP:0005758,Basilar impression,86587003,broad,,yes
HP:0005764,Polyarticular arthritis,416956002,narrow,,yes
HP:0005764,Polyarticular arthritis,417373000,narrow,,yes
HP:0005765,Sacral meningocele,95478002,exact,,no
HP:0005815,Supernumerary ribs,205460009,exact,,no
HP:0005850,Congenital talipes calcaneovalgus,205083002,broad,,yes
HP:0005850,Congenital talipes calcaneovalgus,31668003,broad,,yes
HP:0005857,Cervical spina bifida,32232003,exact,,no
HP:0005864,Pseudoarthrosis,31511007,narrow,,yes
HP:0005864,Pseudoarthrosis,410818009,narrow,,yes
HP:0005871,Metaphyseal chondrodysplasia,28681006,exact,,no
HP:0005881,Spinal instability,240220009,exact,,no
HP:0005912,Biliary atresia,77480004,broad,,yes
HP:0005912,Biliary atresia,82821008,broad,,yes
HP:0005917,Supernumerary metacarpal bones,91846008,exact,,no
HP:0005942,Desquamative interstitial pneumonitis,8549006,exact,,no
HP:0005943,Respiratory arrest,87317003,exact,,no
HP:0005945,Laryngeal obstruction,61169001,exact,,no
HP:0005950,Laryngeal web,297159008,exact,,no
HP:0005954,Pulmonary capillary hemangiomatosis,233949008,exact,,no
HP:0005972,Respiratory acidosis,12326000,exact,,no
HP:0005973,Fructose intolerance,20052008,exact,,no
HP:0005978,Type II diabetes mellitus,44054006,exact,,no
HP:0005982,Reduced phenylalanine hydroxylase level,7573000,exact,,no
HP:0005986,Limitation of neck motion,161882006,narrow,,yes
HP:0005986,Limitation of neck motion,405947006,narrow,,yes
HP:0005987,Multinodular goiter,237570007,exact,,no
HP:0005988,Congenital muscular torticollis,268240006,exact,,no
HP:0005990,Thyroid hypoplasia,367524008,exact,,no
HP:0005994,Nodular goiter,419153005,exact,,no
HP:0005999,Ureteral atresia,204974003,narrow,,yes
HP:0005999,Ureteral atresia,49534003,narrow,,yes
HP:0006000,Ureteral obstruction,20018005,exact,,no
HP:0006094,Finger joint hypermobility,298193009,exact,,no
HP:0006101,Finger syndactyly,249769001,narrow,,yes
HP:0006101,Finger syndactyly,268251006,narrow,,yes
HP:0006101,Finger syndactyly,34048007,narrow,,yes
HP:0006156,Ulnar deviation of thumb,299137000,exact,,no
HP:0006226,Osteoarthritis of the first carpometacarpal joint,37895003,exact,,no
HP:0006233,Osteoarthritis of the distal interphalangeal joint,239869009,exact,,no
HP:0006266,Small placenta,289264006,exact,,no
HP:0006267,Large placenta,289263000,exact,,no
HP:0006278,Ectopic pancreatic tissue,264304000,exact,,no
HP:0006280,Chronic pancreatitis,233870001,broad,,yes
HP:0006280,Chronic pancreatitis,234689009,broad,,yes
HP:0006280,Chronic pancreatitis,235494005,broad,,yes
HP:0006285,Enamel hypomineralization,109487003,exact,,no
HP:0006288,Advanced eruption of teeth,16000003,exact,,no
HP:0006292,Abnormality of dental eruption,1086101000119107,narrow,,yes
HP:0006292,Abnormality of dental eruption,234949000,narrow,,yes
HP:0006297,Enamel hypoplasia,26597004,narrow,,yes
HP:0006297,Enamel hypoplasia,699382004,narrow,,yes
HP:0006297,Enamel hypoplasia,699421005,narrow,,yes
HP:0006304,Widely-spaced incisors,196409003,exact,,no
HP:0006315,Solitary median maxillary central incisor,707609006,exact,,no
HP:0006323,Premature loss of primary teeth,122483006,narrow,,yes
HP:0006323,Premature loss of primary teeth,39034005,narrow,,yes
HP:0006329,Alveolar process hypoplasia,708494003,exact,,no
HP:0006335,Persistence of primary teeth,57650002,exact,,no
HP:0006349,Agenesis of permanent teeth,109444001,narrow,,yes
HP:0006349,Agenesis of permanent teeth,234948008,narrow,,yes
HP:0006380,Knee flexion contracture,202289003,exact,,no
HP:0006385,Short lower limbs,249786007,exact,,no
HP:0006477,Abnormal alveolar ridge morphology,235013007,exact,,no
HP:0006480,Premature loss of teeth,234974002,narrow,,yes
HP:0006480,Premature loss of teeth,42756003,narrow,,yes
HP:0006482,Abnormal dental morphology,422775003,broad,,yes
HP:0006483,Abnormal number of teeth,335443002,exact,,no
HP:0006509,Diverticulosis of trachea,14011008,exact,,no
HP:0006510,Chronic pulmonary obstruction,13645005,exact,,no
HP:0006511,Laryngeal stridor,406444002,narrow,,yes
HP:0006511,Laryngeal stridor,41432000,narrow,,yes
HP:0006511,Laryngeal stridor,53787002,narrow,,yes
HP:0006515,Interstitial pneumonitis,64667001,exact,,no
HP:0006516,Hypersensitivity pneumonitis,37471005,exact,,no
HP:0006517,Intraalveolar phospholipid accumulation,10501004,exact,,no
HP:0006518,Pulmonary venous occlusion,89420002,exact,,no
HP:0006519,Alveolar cell carcinoma,112677002,narrow,,yes
HP:0006519,Alveolar cell carcinoma,36310008,narrow,,yes
HP:0006519,Alveolar cell carcinoma,373627005,narrow,,yes
HP:0006527,Lymphocytic interstitial pneumonia,44274007,exact,,no
HP:0006528,Chronic lung disease,413839001,exact,,no
HP:0006530,Abnormal pulmonary interstitial morphology,233703007,exact,,no
HP:0006532,Recurrent pneumonia,128601007,narrow,,yes
HP:0006532,Recurrent pneumonia,699014000,narrow,,yes
HP:0006543,Cardiorespiratory arrest,410430005,exact,,no
HP:0006554,Acute hepatic failure,197270009,broad,,yes
HP:0006554,Acute hepatic failure,235884008,broad,,yes
HP:0006557,Polycystic liver disease,72925005,broad,,yes
HP:0006562,Viral hepatitis,3738000,exact,,no
HP:0006574,Hepatic arteriovenous malformation,84150000,exact,,no
HP:0006577,Macronodular cirrhosis,43904005,narrow,,yes
HP:0006577,Macronodular cirrhosis,86454000,narrow,,yes
HP:0006579,Prolonged neonatal jaundice,387712008,exact,,no
HP:0006585,Congenital pseudoarthrosis of the clavicle,249685004,narrow,,yes
HP:0006585,Congenital pseudoarthrosis of the clavicle,249690001,narrow,,yes
HP:0006597,Diaphragmatic paralysis,64228003,broad,,yes
HP:0006610,Wide intermamillary distance,423230008,exact,,no
HP:0006640,Multiple rib fractures,1261007,exact,,no
HP:0006645,Thin clavicle,298764003,exact,,no
HP:0006671,Paroxysmal atrial tachycardia,195069001,exact,,no
HP:0006677,Prolonged QRS complex,991002,exact,,no
HP:0006682,Premature ventricular contraction,17338001,narrow,,yes
HP:0006682,Premature ventricular contraction,251175005,narrow,,yes
HP:0006685,Endocardial fibrosis,398716006,exact,,no
HP:0006688,Paroxysmal tachycardia,12026006,exact,,no
HP:0006689,Bacterial endocarditis,301183007,exact,,no
HP:0006695,Atrioventricular canal defect,15459006,exact,,no
HP:0006698,Dilatation of the ventricular cavity,90539001,exact,,no
HP:0006699,Premature atrial contractions,284470004,narrow,,yes
HP:0006699,Premature atrial contractions,287057009,narrow,,yes
HP:0006699,Premature atrial contractions,406461004,narrow,,yes
HP:0006699,Premature atrial contractions,63593006,narrow,,yes
HP:0006704,Abnormal coronary artery morphology,28574005,exact,,no
HP:0006706,Cystic liver disease,72925005,broad,,yes
HP:0006717,Peripheral neuroepithelioma,254764001,exact,,no
HP:0006719,Benign gastrointestinal tract tumors,92118007,exact,,no
HP:0006721,Acute lymphoblastic leukemia,128822004,narrow,,yes
HP:0006721,Acute lymphoblastic leukemia,91857003,narrow,,yes
HP:0006725,Pancreatic adenocarcinoma,700423003,exact,,no
HP:0006727,T-cell acute lymphoblastic leukemias,128824003,narrow,,yes
HP:0006727,T-cell acute lymphoblastic leukemias,277575008,narrow,,yes
HP:0006731,Follicular thyroid carcinoma,255028004,narrow,,yes
HP:0006731,Follicular thyroid carcinoma,28173006,narrow,,yes
HP:0006731,Follicular thyroid carcinoma,5257006,narrow,,yes
HP:0006733,Acute megakaryocytic leukemia,17788007,broad,,yes
HP:0006733,Acute megakaryocytic leukemia,413443009,broad,,yes
HP:0006733,Acute megakaryocytic leukemia,91861009,broad,,yes
HP:0006735,Renal cortical adenoma,254919009,exact,,no
HP:0006739,Squamous cell carcinoma of the skin,254651007,exact,,no
HP:0006740,Transitional cell carcinoma of the bladder,255109008,exact,,no
HP:0006743,Embryonal rhabdomyosarcoma,14269005,narrow,,yes
HP:0006743,Embryonal rhabdomyosarcoma,404051002,narrow,,yes
HP:0006744,Adrenocortical carcinoma,2227007,narrow,,yes
HP:0006744,Adrenocortical carcinoma,255035007,narrow,,yes
HP:0006747,Ganglioneuroblastoma,116381000119105,narrow,,yes
HP:0006747,Ganglioneuroblastoma,69515008,narrow,,yes
HP:0006748,Adrenal pheochromocytoma,302835009,broad,,yes
HP:0006748,Adrenal pheochromocytoma,399343007,broad,,yes
HP:0006748,Adrenal pheochromocytoma,85583005,broad,,yes
HP:0006749,Malignant gastrointestinal tract tumors,428905002,exact,,no
HP:0006753,Neoplasm of the stomach,126824007,exact,,no
HP:0006755,Cutaneous leiomyosarcoma,254771006,exact,,no
HP:0006765,Chondrosarcoma,14990007,narrow,,yes
HP:0006765,Chondrosarcoma,443520009,narrow,,yes
HP:0006767,Pituitary prolactin cell adenoma,134209002,narrow,,yes
HP:0006767,Pituitary prolactin cell adenoma,34337008,narrow,,yes
HP:0006770,Clear cell renal cell carcinoma,188251003,narrow,,yes
HP:0006770,Clear cell renal cell carcinoma,254915003,narrow,,yes
HP:0006770,Clear cell renal cell carcinoma,41607009,broad,,yes
HP:0006771,Duodenal adenocarcinoma,254570009,narrow,,yes
HP:0006771,Duodenal adenocarcinoma,408644002,narrow,,yes
HP:0006772,Renal angiomyolipoma,254921004,exact,,no
HP:0006775,Multiple myeloma,10639003,broad,,yes
HP:0006775,Multiple myeloma,109989006,narrow,,yes
HP:0006775,Multiple myeloma,415112005,broad,,yes
HP:0006775,Multiple myeloma,55921005,narrow,,yes
HP:0006779,Alveolar rhabdomyosarcoma,404053004,narrow,,yes
HP:0006779,Alveolar rhabdomyosarcoma,63449009,narrow,,yes
HP:0006780,Parathyroid carcinoma,255037004,narrow,,yes
HP:0006780,Parathyroid carcinoma,363481002,narrow,,yes
HP:0006785,Limb-girdle muscular dystrophy,93153005,exact,,no
HP:0006802,Abnormal anterior horn cell morphology,85672005,exact,,no
HP:0006818,4-layered lissencephaly,253147000,exact,,no
HP:0006824,Cranial nerve paralysis,73013002,exact,,no
HP:0006844,Absent patellar reflexes,274817009,exact,,no
HP:0006846,Acute encephalopathy,2776000,exact,,no
HP:0006863,Severe expressive language delay,62221000119105,exact,,no
HP:0006870,Lobar holoprosencephaly,253136007,exact,,no
HP:0006888,Meningoencephalocele,52330001,exact,,no
HP:0006889,Borderline intellectual disability,77287004,exact,,no
HP:0006896,Hypnopompic hallucination,69690008,exact,,no
HP:0006897,Abducens palsy,398760006,narrow,,yes
HP:0006897,Abducens palsy,398925009,narrow,,yes
HP:0006897,Abducens palsy,398963001,narrow,,yes
HP:0006918,Diffuse cerebral sclerosis,49692006,exact,,no
HP:0006927,Unilateral polymicrogyria,715905006,exact,,no
HP:0006929,Hypoglycemic encephalopathy,64624009,exact,,no
HP:0006934,Congenital nystagmus,64635004,exact,,no
HP:0006958,Abnormal auditory evoked potentials,102971006,exact,,no
HP:0006970,Periventricular leukomalacia,230769007,exact,,no
HP:0006986,Upper limb spasticity,394680009,exact,,no
HP:0006988,Alobar holoprosencephaly,253137003,exact,,no
HP:0007011,Fourth cranial nerve palsy,20610004,exact,,no
HP:0007018,Attention deficit hyperactivity disorder,406506008,narrow,,yes
HP:0007018,Attention deficit hyperactivity disorder,7461003,narrow,,yes
HP:0007021,Pain insensitivity,38433004,exact,,no
HP:0007024,Pseudobulbar paralysis,7379000,exact,,no
HP:0007029,Cerebral berry aneurysm,54002007,exact,,no
HP:0007041,Chronic lymphocytic meningitis,230154004,exact,,no
HP:0007098,Paroxysmal choreoathetosis,49949003,exact,,no
HP:0007099,Chiari type I malformation,253185002,exact,,no
HP:0007108,Demyelinating peripheral neuropathy,23414001,exact,,no
HP:0007115,Naso-orbital encephalocele,15671007,exact,,no
HP:0007132,Pallidal degeneration,230302004,exact,,no
HP:0007178,Motor polyneuropathy,85423005,narrow,,yes
HP:0007178,Motor polyneuropathy,95663000,narrow,,yes
HP:0007185,Loss of consciousness,418107008,narrow,,yes
HP:0007185,Loss of consciousness,419045004,narrow,,yes
HP:0007206,Hemimegalencephaly,253170008,exact,,no
HP:0007209,Facial paralysis,280816001,narrow,,yes
HP:0007209,Facial paralysis,95666008,broad,,yes
HP:0007215,Periodic hyperkalemic paralysis,304737009,exact,,no
HP:0007256,Abnormal pyramidal sign,14648003,exact,,no
HP:0007260,Type II lissencephaly,253149002,exact,,no
HP:0007263,Spinocerebellar atrophy,129609000,exact,,no
HP:0007268,Aprosencephaly,277922001,exact,,no
HP:0007269,Spinal muscular atrophy,5262007,exact,,no
HP:0007270,Atypical absence seizure,23374007,exact,onset,no
HP:0007302,Bipolar affective disorder,13746004,exact,,no
HP:0007313,Cerebral degeneration,418143002,broad,,yes
HP:0007313,Cerebral degeneration,52522001,broad,,yes
HP:0007325,Generalized dystonia,425492002,exact,,no
HP:0007330,Frontoethmoidal encephalocele,253103006,exact,,no
HP:0007338,Hypermetric saccades,246769000,exact,,no
HP:0007340,Lower limb muscle weakness,249945007,exact,,no
HP:0007354,Amyotrophic lateral sclerosis,86044005,exact,,no
HP:0007359,Focal-onset seizure,29753000,exact,,no
HP:0007371,Corpus callosum atrophy,253142006,exact,,no
HP:0007378,Neoplasm of the gastrointestinal tract,126768004,exact,,no
HP:0007401,Macular atrophy,238828009,exact,,no
HP:0007406,Hyperpigmentation of eyelids,41115008,exact,,no
HP:0007410,Palmoplantar hyperhidrosis,403375001,exact,,no
HP:0007417,Discoid lupus rash,200938002,narrow,,yes
HP:0007417,Discoid lupus rash,238927000,narrow,,yes
HP:0007418,Alopecia totalis,19754005,exact,,no
HP:0007430,Generalized edema,271808008,exact,,no
HP:0007431,Congenital ichthyosiform erythroderma,254156001,narrow,,yes
HP:0007431,Congenital ichthyosiform erythroderma,268282005,narrow,,yes
HP:0007443,Partial albinism,6479008,broad,,yes
HP:0007443,Partial albinism,718122005,broad,,yes
HP:0007461,Hemangiomatosis,254785001,narrow,,yes
HP:0007461,Hemangiomatosis,47669001,narrow,,yes
HP:0007462,Bitot spots of the conjunctiva,246871006,exact,,no
HP:0007475,Congenital bullous ichthyosiform erythroderma,239071005,narrow,,yes
HP:0007475,Congenital bullous ichthyosiform erythroderma,254167000,narrow,,yes
HP:0007476,Anhidrotic ectodermal dysplasia,7731005,broad,,yes
HP:0007477,Abnormal dermatoglyphics,83145004,exact,,no
HP:0007479,Congenital nonbullous ichthyosiform erythroderma,205550003,narrow,,yes
HP:0007479,Congenital nonbullous ichthyosiform erythroderma,267372009,narrow,,yes
HP:0007479,Congenital nonbullous ichthyosiform erythroderma,268245001,narrow,,yes
HP:0007489,Diffuse telangiectasia,125279001,exact,,no
HP:0007502,Follicular hyperkeratosis,238629004,narrow,,yes
HP:0007502,Follicular hyperkeratosis,402341008,narrow,,yes
HP:0007502,Follicular hyperkeratosis,81845009,narrow,,yes
HP:0007514,Edema of the dorsum of hands,443710002,exact,,no
HP:0007529,Hidrotic ectodermal dysplasia,54209007,exact,,no
HP:0007544,Piebald skin depigmentation,6479008,broad,,yes
HP:0007544,Piebald skin depigmentation,718122005,broad,,yes
HP:0007570,Hyperkeratosis lenticularis perstans,28488007,exact,,no
HP:0007583,Telangiectasia macularis eruptiva perstans,8214000,exact,,no
HP:0007607,Hypohidrotic ectodermal dysplasia,239007005,narrow,,yes
HP:0007607,Hypohidrotic ectodermal dysplasia,7731005,broad,,yes
HP:0007618,Subcutaneous calcification,17141001,exact,,no
HP:0007620,Cutaneous leiomyoma,254767008,exact,,no
HP:0007626,Mandibular osteomyelitis,109695005,exact,,no
HP:0007627,Mandibular condyle aplasia,235119009,exact,,no
HP:0007628,Mandibular condyle hypoplasia,235120003,exact,,no
HP:0007642,Early-onset non-progressive night blindness,193687000,narrow,,yes
HP:0007642,Early-onset non-progressive night blindness,232061009,narrow,,yes
HP:0007648,Punctate cataract,40714009,exact,,no
HP:0007649,Congenital hypertrophy of retinal pigment epithelium,232074003,exact,,no
HP:0007651,Ectropion of lower eyelids,95758006,exact,,no
HP:0007663,Reduced visual acuity,13164000,exact,,no
HP:0007676,Hypoplasia of the iris,95714006,exact,,no
HP:0007677,Vitelliform macular lesion,90036004,exact,,no
HP:0007678,Lacrimal duct stenosis,231841004,broad,,yes
HP:0007686,Abnormal pupillary function,72124005,exact,,no
HP:0007690,Map-dot-fingerprint corneal dystrophy,32935005,exact,,no
HP:0007700,Ocular anterior segment dysgenesis,65075004,exact,,no
HP:0007703,Abnormal retinal pigmentation,421689001,exact,,no
HP:0007705,Corneal degeneration,111521006,exact,,no
HP:0007709,Band-shaped corneal dystrophy,35055000,broad,,yes
HP:0007720,Flat cornea,204145006,exact,,no
HP:0007728,Congenital miosis,400962005,exact,,no
HP:0007730,Iris hypopigmentation,247032003,narrow,,yes
HP:0007730,Iris hypopigmentation,70397008,narrow,,yes
HP:0007755,Juvenile epithelial corneal dystrophy,1674008,exact,,no
HP:0007759,Opacification of the corneal stroma,246957002,exact,,no
HP:0007760,Crystalline corneal dystrophy,39662004,narrow,,yes
HP:0007760,Crystalline corneal dystrophy,419395007,narrow,,yes
HP:0007761,Pericentral scotoma,404650002,exact,,no
HP:0007763,Retinal telangiectasia,84884003,exact,,no
HP:0007765,Deep anterior chamber,246991003,exact,,no
HP:0007766,Optic disc hypoplasia,373650004,exact,,no
HP:0007769,Peripheral retinal degeneration,405721006,narrow,,yes
HP:0007769,Peripheral retinal degeneration,61536007,narrow,,yes
HP:0007777,Chorioretinal scar,53854005,exact,,no
HP:0007787,Posterior subcapsular cataract,315353005,exact,,no
HP:0007802,Granular corneal dystrophy,45283008,exact,,no
HP:0007803,Monochromacy,56852002,exact,,no
HP:0007807,Optic nerve compression,72983001,exact,,no
HP:0007819,Presenile cataracts,441622000,exact,,no
HP:0007824,Total ophthalmoplegia,78097002,exact,,no
HP:0007854,Glaucomatous visual field defect,370961005,exact,,no
HP:0007872,Choroidal hemangioma,255022003,exact,,no
HP:0007875,Congenital blindness,95486002,exact,,no
HP:0007879,Allergic conjunctivitis,231854006,narrow,,yes
HP:0007879,Allergic conjunctivitis,473460002,narrow,,yes
HP:0007902,Vitreous hemorrhage,31341008,exact,,no
HP:0007906,Ocular hypertension,112222000,exact,,no
HP:0007915,Polymorphous posterior corneal dystrophy,29504002,exact,,no
HP:0007939,Blue cone monochromacy,24704003,exact,,no
HP:0007942,Internal ophthalmoplegia,232146005,exact,,no
HP:0007957,Corneal opacity,413921009,narrow,,yes
HP:0007957,Corneal opacity,64634000,narrow,,yes
HP:0007957,Corneal opacity,95735008,narrow,,yes
HP:0007968,Remnants of the hyaloid vascular system,314270008,narrow,,yes
HP:0007968,Remnants of the hyaloid vascular system,44647001,narrow,,yes
HP:0007968,Remnants of the hyaloid vascular system,69927002,narrow,,yes
HP:0007970,Congenital ptosis,268163008,narrow,,yes
HP:0007970,Congenital ptosis,61989004,narrow,,yes
HP:0007971,Lamellar cataract,204128001,narrow,,yes
HP:0007971,Lamellar cataract,21590003,narrow,,yes
HP:0007973,Retinal dysplasia,95494009,exact,,no
HP:0007976,Cerulean cataract,204138006,exact,,no
HP:0007992,Lattice retinal degeneration,3577000,exact,,no
HP:0007994,Peripheral visual field loss,420990001,exact,,no
HP:0008000,Decreased corneal reflex,103254005,exact,,no
HP:0008007,Primary congenital glaucoma,415176004,exact,,no
HP:0008011,Peripheral opacification of the cornea,55713007,exact,,no
HP:0008028,Cystoid macular degeneration,14046000,exact,,no
HP:0008030,Retinal arteritis,11255009,exact,,no
HP:0008037,Absent anterior chamber of the eye,404675003,narrow,,yes
HP:0008037,Absent anterior chamber of the eye,55457007,narrow,,yes
HP:0008052,Retinal fold,37480005,exact,,no
HP:0008069,Neoplasm of the skin,126488004,narrow,,yes
HP:0008069,Neoplasm of the skin,372130007,narrow,,yes
HP:0008070,Sparse hair,53602002,narrow,,yes
HP:0008070,Sparse hair,56558005,narrow,,yes
HP:0008071,Maternal hypertension,288250001,exact,,no
HP:0008080,Hallux varus,274147008,exact,,no
HP:0008081,Pes valgus,249803006,narrow,,yes
HP:0008081,Pes valgus,275344002,narrow,,yes
HP:0008110,Equinovarus deformity,249808002,broad,,yes
HP:0008110,Equinovarus deformity,397932003,broad,,yes
HP:0008124,Talipes calcaneovarus,30449003,exact,,no
HP:0008141,Dislocation of toes,263030002,exact,,no
HP:0008151,Prolonged prothrombin time,409674002,exact,,no
HP:0008158,Hyperapobetalipoproteinemia,238040008,narrow,,yes
HP:0008158,Hyperapobetalipoproteinemia,299465007,narrow,,yes
HP:0008166,Decreased beta-galactosidase activity,238025006,exact,,no
HP:0008169,Reduced factor VII activity,37193007,exact,,no
HP:0008176,Neonatal unconjugated hyperbilirubinemia,281611002,exact,,no
HP:0008181,Abetalipoproteinemia,190787008,exact,,no
HP:0008200,Primary hyperparathyroidism,36348003,exact,,no
HP:0008202,Reduced circulating prolactin concentration,67873006,exact,,no
HP:0008207,Primary adrenal insufficiency,363732003,narrow,,yes
HP:0008207,Primary adrenal insufficiency,373662000,narrow,,yes
HP:0008207,Primary adrenal insufficiency,386584007,broad,,yes
HP:0008208,Parathyroid hyperplasia,9092004,exact,,no
HP:0008209,Premature ovarian insufficiency,373717006,exact,,no
HP:0008211,Parathyroid agenesis,73291005,exact,,no
HP:0008213,Gonadotropin deficiency,33927004,broad,,yes
HP:0008214,Decreased serum estradiol,166449002,exact,,no
HP:0008221,Adrenal hyperplasia,419920004,exact,,no
HP:0008222,Female infertility,6738008,exact,,no
HP:0008223,Compensated hypothyroidism,237523006,exact,,no
HP:0008226,Androgen insufficiency,38825009,exact,,no
HP:0008227,Pituitary resistance to thyroid hormone,360348000,narrow,,yes
HP:0008227,Pituitary resistance to thyroid hormone,360353005,narrow,,yes
HP:0008231,Macronodular adrenal hyperplasia,237778003,exact,,no
HP:0008236,Isosexual precocious puberty,4294006,exact,onset,no
HP:0008237,Hypothalamic hypothyroidism,37429009,exact,,no
HP:0008242,Pseudohypoaldosteronism,77098009,exact,,no
HP:0008244,Congenital adrenal hypoplasia,93235007,exact,,no
HP:0008245,Pituitary hypothyroidism,82598004,exact,,no
HP:0008251,Congenital goiter,276565004,exact,,no
HP:0008255,Transient neonatal diabetes mellitus,237603002,exact,,no
HP:0008256,Adrenocortical adenoma,18365006,broad,,yes
HP:0008256,Adrenocortical adenoma,255036008,narrow,,yes
HP:0008256,Adrenocortical adenoma,302826002,narrow,,yes
HP:0008258,Congenital adrenal hyperplasia,237751000,broad,,yes
HP:0008282,Unconjugated hyperbilirubinemia,7752002,exact,,no
HP:0008288,Nonketotic hyperglycinemia,237939006,exact,,no
HP:0008291,Pituitary corticotropic cell adenoma,21109002,narrow,,yes
HP:0008291,Pituitary corticotropic cell adenoma,254958004,narrow,,yes
HP:0008297,Transient hyperphenylalaninemia,28575006,exact,,no
HP:0008321,Reduced factor X activity,76642003,exact,,no
HP:0008326,Reduced circulating vitamin B6 circulating,386080007,exact,,no
HP:0008327,Microscopic nephrocalcinosis,236444003,exact,,no
HP:0008341,Distal renal tubular acidosis,236461000,narrow,,yes
HP:0008341,Distal renal tubular acidosis,86210009,narrow,,yes
HP:0008358,Hyperprolinemia,59655002,exact,,no
HP:0008366,Foot joint contracture,239742004,exact,,no
HP:0008368,Tarsal synostosis,27173008,exact,,no
HP:0008388,Abnormal toenail morphology,700189007,exact,,no
HP:0008392,Subungual hyperkeratosis,10165000,exact,,no
HP:0008404,Nail dystrophy,87065009,exact,,no
HP:0008417,Vertebral hypoplasia,205456006,exact,,no
HP:0008419,Intervertebral disk degeneration,77547008,exact,,no
HP:0008439,Lumbar hemivertebrae,93167001,exact,,no
HP:0008441,Herniation of intervertebral nuclei,73589001,exact,,no
HP:0008443,Neuropathic spinal arthropathy,298380006,exact,,no
HP:0008453,Congenital kyphoscoliosis,405772002,exact,,no
HP:0008459,Cervical vertebral agenesis,91880006,exact,,no
HP:0008465,Absent vertebra,15843004,exact,,no
HP:0008467,Thoracic hemivertebrae,95304000,exact,,no
HP:0008480,Cervical spondylosis,387800004,narrow,,yes
HP:0008480,Cervical spondylosis,387801000,narrow,,yes
HP:0008496,Multiple rows of eyelashes,95339000,broad,,yes
HP:0008511,Central posterior corneal opacity,246967007,exact,,no
HP:0008513,Bilateral conductive hearing impairment,194417009,exact,,no
HP:0008527,Congenital sensorineural hearing impairment,700453005,exact,,no
HP:0008528,Long hairs growing from helix of pinna,27394002,exact,,no
HP:0008542,Low-frequency hearing loss,42538001,exact,,no
HP:0008551,Microtia,35045004,exact,,no
HP:0008568,Vestibular areflexia,22443004,exact,,no
HP:0008619,Bilateral sensorineural hearing impairment,194424005,exact,,no
HP:0008629,Pulsatile tinnitus,232322006,exact,,no
HP:0008653,Crescentic glomerulonephritis,236398000,exact,,no
HP:0008659,Multiple small medullary renal cysts,204958008,broad,,yes
HP:0008660,Renotubular dysgenesis,702397002,exact,,no
HP:0008661,Urethral stenosis,236647003,broad,,yes
HP:0008661,Urethral stenosis,76618002,broad,,yes
HP:0008663,Renal sarcoma,254918001,exact,,no
HP:0008665,Clitoral hypertrophy,80212005,exact,,no
HP:0008669,Abnormal spermatogenesis,4529005,exact,,no
HP:0008672,Calcium oxalate nephrolithiasis,444717006,exact,,no
HP:0008676,Congenital megaureter,718485003,narrow,,yes
HP:0008676,Congenital megaureter,95576001,broad,,yes
HP:0008677,Congenital nephrotic syndrome,48796009,exact,,no
HP:0008682,Renal tubular epithelial necrosis,35455006,exact,,no
HP:0008689,Bilateral cryptorchidism,268228006,exact,,no
HP:0008707,Absent scrotum,249233008,exact,,no
HP:0008711,Benign prostatic hyperplasia,266569009,exact,,no
HP:0008716,Urethrovaginal fistula,50477003,exact,,no
HP:0008717,Unilateral renal atrophy,424998002,exact,,no
HP:0008718,Unilateral renal dysplasia,204951002,exact,,no
HP:0008720,Primary testicular failure,370997001,narrow,,yes
HP:0008720,Primary testicular failure,48723006,broad,,yes
HP:0008722,Urethral diverticulum,90531003,exact,,no
HP:0008724,Hypoplasia of the ovary,93279005,exact,,no
HP:0008726,Hypoplasia of the vagina,253836009,exact,,no
HP:0008734,Decreased testicular size,276411001,exact,,no
HP:0008736,Hypoplasia of penis,34911001,broad,,yes
HP:0008743,Coronal hypospadias,429641000124109,exact,,no
HP:0008749,Laryngeal hypoplasia,253736003,exact,,no
HP:0008750,Laryngeal atresia,64981002,exact,,no
HP:0008751,Laryngeal cleft,232461002,exact,,no
HP:0008755,Laryngotracheomalacia,308232009,exact,,no
HP:0008756,Bowing of the vocal cords,232448002,exact,,no
HP:0008760,Violent behavior,248004009,broad,,yes
HP:0008765,Auditory hallucination,45150006,exact,,no
HP:0008768,Abnormal sexual behavior,248099006,exact,,no
HP:0008780,Congenital bilateral hip dislocation,10155006,exact,,no
HP:0008843,Hip osteoarthritis,239872002,exact,,no
HP:0008940,Generalized lymphadenopathy,274741002,exact,,no
HP:0008970,Scapulohumeral muscular dystrophy,240074006,exact,,no
HP:0008986,Agenesis of the diaphragm,702613006,narrow,,yes
HP:0008986,Agenesis of the diaphragm,72424001,narrow,,yes
HP:0009004,Hypoplasia of the musculature,205530002,exact,,no
HP:0009027,Foot dorsiflexor weakness,6077001,exact,,no
HP:0009046,Difficulty running,282479002,exact,,no
HP:0009059,Congenital generalized lipodystrophy,284449005,broad,,yes
HP:0009059,Congenital generalized lipodystrophy,86907008,broad,,yes
HP:0009064,Generalized lipodystrophy,284449005,broad,,yes
HP:0009064,Generalized lipodystrophy,86907008,broad,,yes
HP:0009071,Inflammatory myopathy,128496001,broad,,yes
HP:0009071,Inflammatory myopathy,26889001,broad,,yes
HP:0009110,Diaphragmatic eventration,34168003,exact,,no
HP:0009113,Diaphragmatic weakness,95438009,exact,,no
HP:0009125,Lipodystrophy,71325002,exact,,no
HP:0009371,Type A1 brachydactyly,715720006,exact,,no
HP:0009380,Finger aplasia,71358006,exact,,no
HP:0009381,Short finger,249765007,exact,,no
HP:0009465,Ulnar deviation of finger,276662009,narrow,,yes
HP:0009465,Ulnar deviation of finger,367510009,narrow,,yes
HP:0009473,Joint contracture of the hand,86414002,exact,,no
HP:0009486,Radial deviation of the hand,299035006,exact,,no
HP:0009487,Ulnar deviation of the hand,249757009,exact,,no
HP:0009588,Vestibular schwannoma,126949007,narrow,,yes
HP:0009588,Vestibular schwannoma,985004,broad,,yes
HP:0009592,Astrocytoma,38713004,exact,,no
HP:0009600,Thumb contracture,239736003,exact,,no
HP:0009702,Carpal synostosis,253930002,exact,,no
HP:0009711,Retinal capillary hemangioma,312935003,exact,,no
HP:0009718,Subependymal giant-cell astrocytoma,1586004,narrow,,yes
HP:0009718,Subependymal giant-cell astrocytoma,449799008,narrow,,yes
HP:0009720,Adenoma sebaceum,36025004,narrow,,yes
HP:0009720,Adenoma sebaceum,78424008,narrow,,yes
HP:0009721,Shagreen patch,254244007,exact,,no
HP:0009724,Subungual fibromas,39295002,exact,,no
HP:0009725,Bladder neoplasm,126885006,exact,,no
HP:0009726,Renal neoplasm,126880001,exact,,no
HP:0009730,Rhabdomyoma,302846007,narrow,,yes
HP:0009730,Rhabdomyoma,402877008,narrow,,yes
HP:0009730,Rhabdomyoma,43375002,narrow,,yes
HP:0009732,Plexiform neurofibroma,403818001,narrow,,yes
HP:0009732,Plexiform neurofibroma,41252002,narrow,,yes
HP:0009733,Glioma,115240006,narrow,,yes
HP:0009733,Glioma,393564001,narrow,,yes
HP:0009733,Glioma,74532006,narrow,,yes
HP:0009734,Optic nerve glioma,254976006,narrow,,yes
HP:0009734,Optic nerve glioma,404662003,narrow,,yes
HP:0009741,Nephrosclerosis,32916005,exact,,no
HP:0009742,Stiff shoulders,249918006,exact,,no
HP:0009743,Distichiasis,95339000,broad,,yes
HP:0009755,Ankyloblepharon,193953008,narrow,,yes
HP:0009755,Ankyloblepharon,400952003,narrow,,yes
HP:0009762,Facial wrinkling,248194004,exact,,no
HP:0009763,Limb pain,90834002,exact,,no
HP:0009771,Osteolytic defects of the phalanges of the hand,27201004,narrow,,yes
HP:0009771,Osteolytic defects of the phalanges of the hand,63122002,narrow,,yes
HP:0009775,Amniotic constriction ring,19988008,narrow,,yes
HP:0009775,Amniotic constriction ring,238879003,narrow,,yes
HP:0009776,Adactyly,275348004,exact,,no
HP:0009778,Short thumb,253936008,exact,,no
HP:0009780,Iliac horns,84308008,exact,,no
HP:0009789,Perianal abscess,82127005,exact,,no
HP:0009792,Teratoma,55818009,exact,,no
HP:0009795,Branchial fistula,204268008,exact,,no
HP:0009796,Branchial cyst,42362005,narrow,,yes
HP:0009796,Branchial cyst,59857007,narrow,,yes
HP:0009797,Cholesteatoma,363668000,narrow,,yes
HP:0009797,Cholesteatoma,575006,narrow,,yes
HP:0009798,Euthyroid goiter,32251000119106,exact,,no
HP:0009799,Supernumerary spleens,10362008,broad,,yes
HP:0009800,Maternal diabetes,11687002,exact,,no
HP:0009806,Nephrogenic diabetes insipidus,111395007,exact,,no
HP:0009813,Upper limb phocomelia,253926000,exact,,no
HP:0009816,Lower limb undergrowth,253959002,exact,,no
HP:0009819,Lower limb phocomelia,253963009,exact,,no
HP:0009827,Amelia,62588002,exact,,no
HP:0009829,Phocomelia,22841008,exact,,no
HP:0009830,Peripheral neuropathy,302226006,broad,,yes
HP:0009830,Peripheral neuropathy,386033004,narrow,,yes
HP:0009830,Peripheral neuropathy,42658009,broad,,yes
HP:0009831,Mononeuropathy,128189008,exact,,no
HP:0009886,Trichorrhexis nodosa,22486004,narrow,,yes
HP:0009886,Trichorrhexis nodosa,238736006,narrow,,yes
HP:0009892,Anotia,57436000,exact,,no
HP:0009900,Unilateral deafness,162342008,exact,,no
HP:0009903,Conjunctival nodule,428477002,exact,,no
HP:0009914,Cyclopia,205798005,exact,,no
HP:0009916,Anisocoria,13045009,exact,,no
HP:0009917,Persistent pupillary membrane,95500008,exact,,no
HP:0009918,Ectopia pupillae,193523008,narrow,,yes
HP:0009918,Ectopia pupillae,392461003,narrow,,yes
HP:0009919,Retinoblastoma,127002001,broad,,yes
HP:0009919,Retinoblastoma,19906005,narrow,,yes
HP:0009919,Retinoblastoma,370967009,narrow,,yes
HP:0009920,Nevus of Ota,254817005,narrow,,yes
HP:0009920,Nevus of Ota,414929001,narrow,,yes
HP:0009921,Duane anomaly,60318001,exact,,no
HP:0009924,Aplasia/Hypoplasia involving the nose,204519007,narrow,,yes
HP:0009924,Aplasia/Hypoplasia involving the nose,93278002,narrow,,yes
HP:0009926,Epiphora,193982009,narrow,,yes
HP:0009926,Epiphora,418035005,narrow,,yes
HP:0009927,Aplasia of the nose,111317000,exact,,no
HP:0009931,Enlarged naris,399353008,exact,,no
HP:0009932,Single naris,95266003,exact,,no
HP:0009933,Narrow naris,249336003,narrow,,yes
HP:0009933,Narrow naris,249339005,narrow,,yes
HP:0009939,Mandibular aplasia,91896009,narrow,,yes
HP:0009939,Mandibular aplasia,91922000,narrow,,yes
HP:0009940,Asymmetry of the mandible,235082006,exact,,no
HP:0010280,Stomatitis,20607006,narrow,,yes
HP:0010280,Stomatitis,61170000,narrow,,yes
HP:0010284,Intra-oral hyperpigmentation,235038002,exact,,no
HP:0010286,Abnormal salivary gland morphology,10890000,exact,,no
HP:0010289,Cleft maxillary alveolar ridge,445306000,exact,laterality,no
HP:0010292,Absent uvula,25148007,exact,,no
HP:0010296,Ankyloglossia,67787004,exact,,no
HP:0010297,Bifid tongue,84557007,exact,,no
HP:0010298,Smooth tongue,9491003,exact,,no
HP:0010301,Spinal dysraphism,253098009,broad,,yes
HP:0010302,Spinal cord tumor,126962006,exact,,no
HP:0010305,Absence of the sacrum,205425003,exact,,no
HP:0010306,Short thorax,249670005,exact,,no
HP:0010307,Stridor,248573009,narrow,,yes
HP:0010307,Stridor,70407001,narrow,,yes
HP:0010309,Bifid sternum,54008006,exact,,no
HP:0010310,Chylothorax,83035003,exact,,no
HP:0010313,Breast hypertrophy,372281005,narrow,,yes
HP:0010313,Breast hypertrophy,372283008,narrow,,yes
HP:0010313,Breast hypertrophy,372285001,narrow,,yes
HP:0010314,Premature thelarche,102889008,exact,onset,no
HP:0010316,Ebstein anomaly of the tricuspid valve,204357006,exact,,no
HP:0010442,Polydactyly,367506006,exact,,no
HP:0010444,Pulmonic regurgitation,91434003,exact,,no
HP:0010445,Primum atrial septal defect,253373002,exact,,no
HP:0010446,Tricuspid stenosis,49915006,exact,,no
HP:0010447,Anal fistula,72779005,exact,,no
HP:0010448,Colonic atresia,37054000,exact,,no
HP:0010450,Esophageal stenosis,63305008,broad,,yes
HP:0010452,Ectopia of the spleen,65146007,exact,,no
HP:0010458,Female pseudohermaphroditism,8800006,exact,,no
HP:0010459,True hermaphroditism,18978002,broad,,yes
HP:0010463,Aplasia of the ovary,12017008,exact,,no
HP:0010464,Streak ovary,70550008,exact,,no
HP:0010465,Precocious puberty in females,19911007,exact,onset,no
HP:0010470,Supernumerary testes,17471001,exact,,no
HP:0010473,Porphyrinuria,44574006,exact,,no
HP:0010474,Bladder stones,70650003,exact,,no
HP:0010475,Cloacal exstrophy,20815007,exact,,no
HP:0010479,Patent urachus,398316009,exact,,no
HP:0010480,Urethral fistula,14981000,exact,,no
HP:0010481,Urethral valve,297163001,exact,,no
HP:0010484,Hypertrophy of the upper limb,298745009,exact,,no
HP:0010490,Abnormality of the palmar creases,205557000,exact,,no
HP:0010492,Osseous finger syndactyly,2560006,exact,,no
HP:0010497,Sirenomelia,253191000,narrow,,yes
HP:0010497,Sirenomelia,67254002,narrow,,yes
HP:0010497,Sirenomelia,91089008,narrow,,yes
HP:0010498,Bipartite patella,79214007,exact,,no
HP:0010512,Adrenal calcification,12286000,exact,,no
HP:0010514,Hyperpituitarism,10649000,exact,,no
HP:0010518,Thyroglossal cyst,39462005,exact,,no
HP:0010521,Gait apraxia,30767006,exact,,no
HP:0010522,Dyslexia,52824009,narrow,,yes
HP:0010522,Dyslexia,59770006,narrow,,yes
HP:0010522,Dyslexia,9236007,broad,,yes
HP:0010523,Alexia,9236007,broad,,yes
HP:0010524,Disturbed sensory perception,42341009,exact,,no
HP:0010525,Finger agnosia,3449007,exact,,no
HP:0010526,Dysgraphia,88278002,exact,,no
HP:0010527,Astereognosis,25094008,exact,,no
HP:0010528,Prosopagnosia,18358003,exact,,no
HP:0010529,Echolalia,64712007,exact,,no
HP:0010530,Palatal tremor,9366002,exact,,no
HP:0010531,Spinal myoclonus,698836007,exact,,no
HP:0010532,Paroxysmal vertigo,103290003,exact,,no
HP:0010533,Spasmus nutans,18191000,exact,,no
HP:0010534,Transient global amnesia,230736007,exact,,no
HP:0010535,Sleep apnea,73430006,exact,,no
HP:0010537,Wide cranial sutures,268855009,exact,,no
HP:0010541,Cutis gyrata of scalp,51603000,exact,,no
HP:0010542,Vestibular nystagmus,46888001,exact,,no
HP:0010543,Opsoclonus,194177006,exact,,no
HP:0010544,Vertical nystagmus,111533001,exact,,no
HP:0010545,Downbeat nystagmus,307676006,exact,,no
HP:0010546,Muscle fibrillation,41405005,exact,,no
HP:0010547,Muscle flaccidity,186611004,narrow,,yes
HP:0010547,Muscle flaccidity,397488002,narrow,,yes
HP:0010550,Paraplegia,60389000,exact,,no
HP:0010553,Oculogyric crisis,5332004,exact,,no
HP:0010562,Keloids,33659008,narrow,,yes
HP:0010562,Keloids,58405006,narrow,,yes
HP:0010564,Bifid epiglottis,232412004,exact,,no
HP:0010566,Hamartoma,400006008,narrow,,yes
HP:0010566,Hamartoma,51398009,narrow,,yes
HP:0010588,Premature epimetaphyseal fusion,89493005,exact,,no
HP:0010604,Cyst of the eyelid,248514008,narrow,,yes
HP:0010604,Cyst of the eyelid,301913002,narrow,,yes
HP:0010604,Cyst of the eyelid,46210008,narrow,,yes
HP:0010605,Chalazion,1482004,exact,,no
HP:0010606,Hordeolum,1489008,broad,,yes
HP:0010606,Hordeolum,397513003,narrow,,yes
HP:0010607,Hordeolum externum,1489008,broad,,yes
HP:0010608,Hordeolum internum,414521009,exact,,no
HP:0010609,Skin tags,201091002,narrow,,yes
HP:0010609,Skin tags,31069005,narrow,,yes
HP:0010609,Skin tags,80801001,narrow,,yes
HP:0010610,Palmar pits,247449001,exact,,no
HP:0010614,Fibroma,112682009,narrow,,yes
HP:0010614,Fibroma,424568000,narrow,,yes
HP:0010615,Angiofibromas,302857002,narrow,,yes
HP:0010615,Angiofibromas,60392001,broad,,yes
HP:0010616,Lung fibroma,707387004,exact,,no
HP:0010618,Ovarian fibroma,254865006,exact,,no
HP:0010619,Fibroadenoma of the breast,254845004,exact,,no
HP:0010622,Neoplasm of the skeletal system,442868003,exact,,no
HP:0010625,Anterior pituitary dysgenesis,62818001,exact,,no
HP:0010628,Facial palsy,193093009,narrow,,yes
HP:0010628,Facial palsy,95666008,broad,,yes
HP:0010636,Schizencephaly,253159001,narrow,,yes
HP:0010636,Schizencephaly,38353004,narrow,,yes
HP:0010637,Conjunctival amyloidosis,59017008,exact,,no
HP:0010646,Cervical spine instability,202821008,exact,,no
HP:0010655,Epiphyseal stippling,360507004,exact,,no
HP:0010676,Mechanical ileus,46420000,exact,,no
HP:0010677,Enuresis nocturna,8009008,broad,,yes
HP:0010689,Mirror image polydactyly,715440003,exact,,no
HP:0010702,Increased circulating immunoglobulin concentration,127388009,narrow,,yes
HP:0010702,Increased circulating immunoglobulin concentration,129646001,narrow,,yes
HP:0010717,Osseous syndactyly of toes,32113001,broad,,yes
HP:0010717,Osseous syndactyly of toes,38859008,narrow,,yes
HP:0010730,Double eyebrow,253209004,exact,,no
HP:0010734,Fibrous dysplasia of the bones,10623005,exact,,no
HP:0010735,Polyostotic fibrous dysplasia,36517007,exact,,no
HP:0010736,Monostotic fibrous dysplasia,89859004,exact,,no
HP:0010739,Osteopoikilosis,9147009,exact,,no
HP:0010740,Osteopathia striata,82663009,exact,,no
HP:0010741,Pedal edema,102572006,exact,,no
HP:0010742,Edema of the upper limbs,102558002,exact,,no
HP:0010749,Blepharochalasis,47704002,exact,,no
HP:0010750,Dermatochalasis,246815009,exact,,no
HP:0010752,Cleft mandible,92822004,exact,,no
HP:0010754,Abnormality of the temporomandibular joint,248401009,narrow,,yes
HP:0010754,Abnormality of the temporomandibular joint,75630004,narrow,,yes
HP:0010755,Asymmetry of the maxilla,235083001,exact,,no
HP:0010762,Chordoma,50007008,exact,,no
HP:0010769,Pilonidal sinus,47639008,broad,,yes
HP:0010770,Pilonidal fistula,47639008,broad,,yes
HP:0010771,Pilonidal abscess,85224001,exact,,no
HP:0010772,Anomalous pulmonary venous return,111323005,broad,,yes
HP:0010772,Anomalous pulmonary venous return,39905002,broad,,yes
HP:0010773,Partial anomalous pulmonary venous return,68237008,exact,,no
HP:0010775,Vascular ring,110409004,narrow,,yes
HP:0010775,Vascular ring,66403007,narrow,,yes
HP:0010780,Hyperacusis,194399009,narrow,,yes
HP:0010780,Hyperacusis,25289003,narrow,,yes
HP:0010781,Skin dimple,301854006,exact,,no
HP:0010783,Erythema,20255002,broad,,yes
HP:0010783,Erythema,238810007,narrow,,yes
HP:0010783,Erythema,247441003,narrow,,yes
HP:0010783,Erythema,271811009,broad,,yes
HP:0010783,Erythema,444827008,narrow,,yes
HP:0010783,Erythema,70819003,narrow,,yes
HP:0010783,Erythema,86735004,narrow,,yes
HP:0010784,Uterine neoplasm,126908007,exact,,no
HP:0010786,Urinary tract neoplasm,126879004,narrow,,yes
HP:0010786,Urinary tract neoplasm,254913005,narrow,,yes
HP:0010788,Testicular neoplasm,126900000,exact,,no
HP:0010791,Hyperplasia of the Leydig cells,76085008,exact,,no
HP:0010793,Bifid nail,110992006,exact,,no
HP:0010796,Brainstem glioma,444545003,exact,,no
HP:0010797,Hemangioblastoma,81201000,exact,,no
HP:0010798,Lip freckle,239136007,exact,,no
HP:0010799,Pinealoma,127026004,broad,,yes
HP:0010799,Pinealoma,359619007,broad,,yes
HP:0010799,Pinealoma,47598005,broad,,yes
HP:0010807,Open bite,35580009,exact,,no
HP:0010808,Protruding tongue,249872000,narrow,,yes
HP:0010808,Protruding tongue,285503005,narrow,,yes
HP:0010815,Nevus sebaceous,239112008,broad,,yes
HP:0010815,Nevus sebaceous,52298009,broad,,yes
HP:0010815,Nevus sebaceous,707136009,broad,,yes
HP:0010816,Epidermal nevus,239107007,narrow,,yes
HP:0010816,Epidermal nevus,25201003,narrow,,yes
HP:0010817,Linear nevus sebaceous,239112008,broad,,yes
HP:0010817,Linear nevus sebaceous,52298009,broad,,yes
HP:0010817,Linear nevus sebaceous,707136009,broad,,yes
HP:0010819,Atonic seizure,189198006,narrow,,yes
HP:0010819,Atonic seizure,42365007,narrow,,yes
HP:0010821,Focal emotional seizure with laughing,89525009,exact,onset,no
HP:0010822,Scintillating scotoma,2228002,exact,,no
HP:0010828,Hemifacial spasm,13753008,exact,,no
HP:0010835,Dissociated sensory loss,87275002,exact,,no
HP:0010859,Frank breech presentation,18559007,exact,,no
HP:0010860,Complete breech presentation,49168004,exact,,no
HP:0010861,Incomplete breech presentation,38049006,exact,,no
HP:0010863,Receptive language delay,229736005,exact,,no
HP:0010864,Severe intellectual disability,40700009,exact,,no
HP:0010865,Oppositional defiant disorder,18941000,exact,,no
HP:0010867,Dyssynergia,20262006,narrow,,yes
HP:0010867,Dyssynergia,39384006,narrow,,yes
HP:0010869,Asynergia,77743009,exact,,no
HP:0010871,Sensory ataxia,445458007,narrow,,yes
HP:0010871,Sensory ataxia,69131009,narrow,,yes
HP:0010872,T-wave inversion,59931005,exact,,no
HP:0010874,Tendon xanthomatosis,69880002,exact,,no
HP:0010875,Chaddock reflex,413813004,exact,,no
HP:0010881,Abnormality of the umbilical cord,90009001,exact,,no
HP:0010882,Pulmonary valve atresia,204342004,narrow,,yes
HP:0010882,Pulmonary valve atresia,448564004,narrow,,yes
HP:0010883,Aortic valve atresia,51442005,exact,,no
HP:0010885,Avascular necrosis,240196003,narrow,,yes
HP:0010885,Avascular necrosis,398199007,narrow,,yes
HP:0010885,Avascular necrosis,72756009,narrow,,yes
HP:0010886,Osteochondritis dissecans,82562007,exact,,no
HP:0010889,Morbus Kienboeck,360466009,narrow,,yes
HP:0010889,Morbus Kienboeck,367356000,narrow,,yes
HP:0010889,Morbus Kienboeck,84062004,narrow,,yes
HP:0010890,Morbus Osgood-Schlatter,72047008,narrow,,yes
HP:0010890,Morbus Osgood-Schlatter,79353000,narrow,,yes
HP:0010891,Morbus Scheuermann,53406005,exact,,no
HP:0010896,Hypersarcosinemia,64852002,exact,,no
HP:0010906,Hyperhistidinemia,124628005,narrow,,yes
HP:0010906,Hyperhistidinemia,410058007,narrow,,yes
HP:0010910,Hypervalinemia,47719001,exact,,no
HP:0010911,Hyperleucinemia,24013007,exact,,no
HP:0010923,Anterior subcapsular cataract,315352000,exact,,no
HP:0010934,Xanthinuria,190919008,narrow,,yes
HP:0010934,Xanthinuria,54627004,narrow,,yes
HP:0010941,Aplasia of the nasal bone,91900007,exact,,no
HP:0010945,Fetal pyelectasis,430035004,exact,,no
HP:0010953,Noncommunicating hydrocephalus,230746009,narrow,,yes
HP:0010953,Noncommunicating hydrocephalus,82346000,narrow,,yes
HP:0010954,Hypoplastic right ventricle,268180007,narrow,laterality,yes
HP:0010954,Hypoplastic right ventricle,39589002,narrow,laterality,yes
HP:0010957,Congenital posterior urethral valve,253900005,exact,,no
HP:0010958,Bilateral renal agenesis,41962002,exact,,no
HP:0010959,Congenital pulmonary airway malformation,111318005,exact,,no
HP:0010972,Anemia of inadequate production,70730006,exact,,no
HP:0010980,Hyperlipoproteinemia,3744001,exact,,no
HP:0010981,Hypolipoproteinemia,267436001,narrow,,yes
HP:0010981,Hypolipoproteinemia,363140000,narrow,,yes
HP:0010992,Stress urinary incontinence,22220005,exact,,no
HP:0011001,Increased bone mineral density,49347007,exact,,no
HP:0011002,Osteopetrosis,1926006,narrow,,yes
HP:0011002,Osteopetrosis,367489004,narrow,,yes
HP:0011003,High myopia,34187009,exact,,no
HP:0011004,Abnormal systemic arterial morphology,234119001,exact,,no
HP:0011009,Acute,272118002,exact,course/temporality,no
HP:0011010,Chronic,90734009,exact,course/temporality,no
HP:0011011,Subacute,19939008,exact,course/temporality,no
HP:0011024,Abnormality of the gastrointestinal tract,119292006,narrow,,yes
HP:0011024,Abnormality of the gastrointestinal tract,25374005,narrow,,yes
HP:0011024,Abnormality of the gastrointestinal tract,53619000,narrow,,yes
HP:0011032,Abnormality of fluid regulation,1860003,narrow,,yes
HP:0011032,Abnormality of fluid regulation,190902006,narrow,,yes
HP:0011034,Amyloid deposition,17602002,exact,,no
HP:0011060,Dentinogenesis imperfecta limited to primary teeth,109492001,exact,,no
HP:0011067,Mesiodens,17802000,narrow,,yes
HP:0011067,Mesiodens,266414008,broad,,yes
HP:0011067,Mesiodens,367534004,broad,,yes
HP:0011067,Mesiodens,8666004,broad,,yes
HP:0011068,Odontoma,79074005,exact,,no
HP:0011069,Supernumerary tooth,266414008,broad,,yes
HP:0011069,Supernumerary tooth,367534004,broad,,yes
HP:0011069,Supernumerary tooth,8666004,broad,,yes
HP:0011072,Rootless teeth,109493006,exact,,no
HP:0011079,Impacted tooth,129263008,narrow,,yes
HP:0011079,Impacted tooth,235104008,narrow,,yes
HP:0011087,Talon cusp,234955005,narrow,,yes
HP:0011087,Talon cusp,63691004,narrow,,yes
HP:0011088,Dens in dente,55197001,exact,,no
HP:0011089,Double tooth,1744008,broad,,yes
HP:0011090,Fused teeth,1744008,broad,,yes
HP:0011091,Gemination,40273006,exact,,no
HP:0011092,Mulberry molar,109436001,exact,,no
HP:0011094,Increased overbite,10816007,narrow,,yes
HP:0011094,Increased overbite,251293001,narrow,,yes
HP:0011094,Increased overbite,60476005,narrow,,yes
HP:0011094,Increased overbite,63783001,narrow,,yes
HP:0011095,Overjet,251292006,narrow,,yes
HP:0011095,Overjet,70305005,narrow,,yes
HP:0011097,Epileptic spasm,28055006,broad,,yes
HP:0011098,Speech apraxia,361276003,narrow,,yes
HP:0011098,Speech apraxia,361277007,narrow,,yes
HP:0011098,Speech apraxia,74227009,narrow,,yes
HP:0011099,Spastic hemiparesis,79633009,exact,,no
HP:0011102,Ileal atresia,25896009,exact,,no
HP:0011103,Abnormal left ventricular outflow tract morphology,253545000,exact,laterality,no
HP:0011105,Hypervolemia,21639008,exact,,no
HP:0011106,Hypovolemia,28560003,exact,,no
HP:0011107,Recurrent aphthous stomatitis,110426005,narrow,,yes
HP:0011107,Recurrent aphthous stomatitis,398870000,narrow,,yes
HP:0011107,Recurrent aphthous stomatitis,426965005,narrow,,yes
HP:0011107,Recurrent aphthous stomatitis,427617000,narrow,,yes
HP:0011108,Recurrent sinusitis,195788001,exact,,no
HP:0011109,Chronic sinusitis,40055000,exact,,no
HP:0011110,Recurrent tonsillitis,90176007,exact,,no
HP:0011120,Concave nasal ridge,710234009,exact,,no
HP:0011123,Inflammatory abnormality of the skin,703938007,exact,,no
HP:0011134,Low-grade fever,304213008,exact,,no
HP:0011140,Gastrointestinal duplication,33257003,exact,,no
HP:0011141,Age-related cataract,39450006,exact,,no
HP:0011147,Typical absence seizure,230413002,broad,onset,yes
HP:0011147,Typical absence seizure,432241000124101,broad,onset,yes
HP:0011147,Typical absence seizure,50866000,broad,onset,yes
HP:0011147,Typical absence seizure,79631006,broad,onset,yes
HP:0011153,Focal motor seizure,128612007,narrow,onset,yes
HP:0011153,Focal motor seizure,82401000,narrow,onset,yes
HP:0011157,Focal sensory seizure,18618006,exact,onset,no
HP:0011160,Focal sensory seizure with gustatory features,29139005,exact,onset,no
HP:0011170,Generalized myoclonic-atonic seizure,230421008,exact,onset,no
HP:0011171,Simple febrile seizure,432354000,exact,,no
HP:0011172,Complex febrile seizure,433083002,exact,,no
HP:0011175,Focal motor seizure with version,246530009,exact,onset,no
HP:0011224,Ablepharon,13401001,narrow,,yes
HP:0011224,Ablepharon,708541009,narrow,,yes
HP:0011225,Epiblepharon,253212001,exact,,no
HP:0011252,Cryptotia,429967001,exact,,no
HP:0011273,Anisocytosis,165475005,narrow,,yes
HP:0011273,Anisocytosis,57241006,narrow,,yes
HP:0011276,Vascular skin abnormality,11263005,exact,,no
HP:0011286,Total colonic aganglionosis,253780003,narrow,,yes
HP:0011286,Total colonic aganglionosis,360441005,narrow,,yes
HP:0011301,Absent foot,371197005,exact,,no
HP:0011304,Broad thumb,249773003,exact,,no
HP:0011326,Anterior plagiocephaly,254020001,exact,,no
HP:0011330,Metopic synostosis,109409003,exact,,no
HP:0011331,Hemifacial atrophy,718224004,narrow,,yes
HP:0011331,Hemifacial atrophy,95834000,narrow,,yes
HP:0011332,Hemifacial hypoplasia,254025006,exact,,no
HP:0011333,Asymmetric crying face,51409009,exact,,no
HP:0011345,Moderate expressive language delay,62211000119103,exact,,no
HP:0011346,Mild expressive language delay,62231000119108,exact,,no
HP:0011350,Mild receptive language delay,89501000119108,exact,,no
HP:0011351,Moderate receptive language delay,89381000119107,exact,,no
HP:0011352,Severe receptive language delay,89391000119105,exact,,no
HP:0011359,Dry hair,79395009,exact,,no
HP:0011364,White hair,297993006,exact,,no
HP:0011367,Yellow nails,45342007,exact,,no
HP:0011369,Mongolian blue spot,40467008,exact,,no
HP:0011372,Aplasia of the inner ear,71973003,exact,,no
HP:0011410,Caesarean section,200144004,exact,,no
HP:0011412,Ventouse delivery,10761101000119105,narrow,,yes
HP:0011412,Ventouse delivery,61586001,narrow,,yes
HP:0011413,Shoulder dystocia,89700002,exact,,no
HP:0011414,Hydropic placenta,75094005,exact,,no
HP:0011415,Calcified placenta,249174002,exact,,no
HP:0011416,Placental infarction,268585006,exact,,no
HP:0011417,Long umbilical cord,237261008,exact,,no
HP:0011418,Abnormal insertion of umbilical cord,79668009,exact,,no
HP:0011419,Placental abruption,405736009,narrow,,yes
HP:0011419,Placental abruption,415105001,narrow,,yes
HP:0011423,Hyperchloremia,74450001,exact,,no
HP:0011426,Fetal choroid plexus cysts,462165005,exact,,no
HP:0011444,Decorticate rigidity,36423000,exact,,no
HP:0011445,Athetoid cerebral palsy,230780007,narrow,,yes
HP:0011445,Athetoid cerebral palsy,75019001,narrow,,yes
HP:0011447,Hyposegmentation of neutrophil nuclei,85559002,exact,,no
HP:0011448,Ankle clonus,39055007,exact,,no
HP:0011449,Knee clonus,54360005,exact,,no
HP:0011450,Unusual CNS infection,128117002,exact,,no
HP:0011455,Absent malleus,300169003,exact,,no
HP:0011456,Absent stapes,300178009,exact,,no
HP:0011457,Loss of eyelashes,34887006,exact,,no
HP:0011459,Esophageal carcinoma,372138000,exact,,no
HP:0011467,Absent gallbladder,86507001,exact,,no
HP:0011468,Facial tics,230335009,narrow,,yes
HP:0011468,Facial tics,32402008,narrow,,yes
HP:0011469,Nasal regurgitation,85023004,exact,,no
HP:0011473,Villous atrophy,275403002,narrow,,yes
HP:0011473,Villous atrophy,75581001,narrow,,yes
HP:0011477,Upbeat nystagmus,307677002,exact,,no
HP:0011483,Anterior synechiae of the anterior chamber,70992005,exact,,no
HP:0011484,Posterior synechiae of the anterior chamber,111512005,exact,,no
HP:0011496,Corneal neovascularization,19161004,exact,,no
HP:0011497,Rubeosis iridis,51995000,exact,,no
HP:0011499,Mydriasis,37125009,exact,,no
HP:0011500,Polycoria,204159004,exact,,no
HP:0011501,Anterior lenticonus,95480008,exact,,no
HP:0011502,Posterior lenticonus,95482000,exact,,no
HP:0011505,Cystoid macular edema,193387007,exact,,no
HP:0011510,Drusen,18695008,exact,,no
HP:0011513,Retinal cavernous hemangioma,312937006,exact,,no
HP:0011516,Achromatopsia,102450007,exact,,no
HP:0011520,Deuteranomaly,246674000,broad,,yes
HP:0011520,Deuteranomaly,77479002,broad,,yes
HP:0011521,Deuteranopia,246674000,broad,,yes
HP:0011521,Deuteranopia,77479002,broad,,yes
HP:0011522,Protanopia,51445007,broad,,yes
HP:0011523,Iris cyst,37761009,exact,,no
HP:0011524,Iris melanoma,255012009,exact,,no
HP:0011525,Iris nevus,95711003,exact,,no
HP:0011527,Lentiglobus,419281007,exact,,no
HP:0011530,Retinal hole,232003005,broad,,yes
HP:0011530,Retinal hole,302888003,broad,,yes
HP:0011530,Retinal hole,40024006,broad,,yes
HP:0011530,Retinal hole,95690009,broad,,yes
HP:0011531,Vitritis,95802009,exact,,no
HP:0011532,Subretinal exudate,247156002,exact,,no
HP:0011535,Abnormal atrial arrangement,445898001,exact,,no
HP:0011539,Atrial situs ambiguous,448681000,exact,,no
HP:0011540,Levotransposition of the great arteries,56743000,narrow,,yes
HP:0011540,Levotransposition of the great arteries,83799000,narrow,,yes
HP:0011546,Abnormal atrioventricular connection,253274005,exact,,no
HP:0011547,Absent left sided atrioventricular connection,253290005,exact,,no
HP:0011548,Absent right sided atrioventricular connection,253285007,exact,,no
HP:0011552,Ambiguous atrioventricular connection,253278008,exact,,no
HP:0011553,Discordant atrioventricular connection,253277003,exact,,no
HP:0011555,Double inlet left ventricle,253283000,exact,,no
HP:0011556,Double inlet right ventricle,253282005,exact,,no
HP:0011560,Mitral atresia,23063005,exact,,no
HP:0011565,Common atrium,253276007,exact,,no
HP:0011566,Cor triatriatum dexter,274947007,exact,,no
HP:0011567,Sinus venosus atrial septal defect,95268002,exact,,no
HP:0011568,Double orifice mitral valve,253402005,exact,,no
HP:0011570,Congenital mitral stenosis,82458004,exact,,no
HP:0011571,Parachute mitral valve,204362007,exact,,no
HP:0011577,Partial atrioventricular canal defect,718216009,exact,,no
HP:0011581,Double outlet left ventricle,7368005,exact,laterality,no
HP:0011588,Cervical aortic arch,253657003,exact,,no
HP:0011589,Common origin of the right brachiocephalic artery and left common carotid artery,460890003,exact,,no
HP:0011590,Double aortic arch,10451007,exact,,no
HP:0011593,Left aortic arch with retroesophageal diverticulum of Kommerell,74561007,exact,laterality,no
HP:0011599,Mesocardia,16567006,exact,,no
HP:0011604,Aortopulmonary window,17024001,exact,,no
HP:0011611,Interrupted aortic arch,218728005,exact,,no
HP:0011612,Interrupted aortic arch type A,253681005,exact,,no
HP:0011613,Interrupted aortic arch type B,253682003,exact,,no
HP:0011614,Interrupted aortic arch type C,253683008,exact,,no
HP:0011621,Gerbode ventricular septal defect,41893002,exact,,no
HP:0011623,Muscular ventricular septal defect,94706008,exact,,no
HP:0011626,Scimitar anomaly,111323005,broad,,yes
HP:0011626,Scimitar anomaly,39905002,broad,,yes
HP:0011629,Total absence of the pericardium,253732001,exact,,no
HP:0011638,Anomalous origin of left coronary artery from the pulmonary artery,450301003,exact,,no
HP:0011639,Anomalous origin of right coronary artery from the pulmonary artery,450300002,exact,,no
HP:0011641,Coronary artery fistula,373093003,exact,course/temporality,no
HP:0011642,Abnormal coronary sinus morphology,253323000,exact,,no
HP:0011644,Coronary sinus diverticulum,447661004,exact,,no
HP:0011645,Dilatation of the sinus of Valsalva,54160000,exact,,no
HP:0011647,Postductal coarctation of the aorta,72242008,exact,,no
HP:0011650,Bilateral ductus arteriosus,461093009,exact,,no
HP:0011651,Double outlet right ventricle with doubly committed ventricular septal defect and pulmonary stenosis,448516008,exact,laterality,no
HP:0011659,Tetralogy of Fallot with absent pulmonary valve,399228007,exact,,no
HP:0011661,Anomalous origin of left pulmonary artery from ascending aorta,253637002,exact,,no
HP:0011662,Tricuspid atresia,253455004,narrow,,yes
HP:0011662,Tricuspid atresia,63042009,narrow,,yes
HP:0011665,Takotsubo cardiomyopathy,441541008,exact,,no
HP:0011666,Absent right superior vena cava,253308005,exact,laterality,no
HP:0011672,Cardiac myxoma,426191007,exact,,no
HP:0011675,Arrhythmia,102594003,broad,,yes
HP:0011675,Arrhythmia,44808001,narrow,,yes
HP:0011675,Arrhythmia,698247007,narrow,,yes
HP:0011679,Tetralogy of Fallot with pulmonary stenosis,253512000,exact,,no
HP:0011681,Subarterial ventricular septal defect,448876006,exact,,no
HP:0011682,Perimembranous ventricular septal defect,109428005,exact,,no
HP:0011683,Restrictive ventricular septal defect,253551005,exact,,no
HP:0011684,Non-restrictive ventricular septal defect,373131000,exact,,no
HP:0011686,Abnormal coronary artery course,253714001,exact,,no
HP:0011690,Permanent junctional reciprocating tachycardia,233904005,exact,,no
HP:0011695,Cerebellar hemorrhage,75038005,exact,,no
HP:0011700,Automatic atrial tachycardia,233892002,exact,,no
HP:0011701,Multifocal atrial tachycardia,49982000,exact,,no
HP:0011703,Sinus tachycardia,11092001,exact,,no
HP:0011704,Sick sinus syndrome,36083008,exact,,no
HP:0011705,First degree atrioventricular block,270492004,exact,,no
HP:0011706,Second degree atrioventricular block,195042002,exact,,no
HP:0011707,Mobitz I atrioventricular block,54016002,exact,,no
HP:0011708,Mobitz II atrioventricular block,28189009,exact,,no
HP:0011709,Atrioventricular dissociation,50799005,exact,,no
HP:0011710,Bundle branch block,6374002,exact,,no
HP:0011711,Left anterior fascicular block,37760005,exact,laterality,no
HP:0011712,Complete right bundle branch block,59118001,exact,,no
HP:0011713,Left bundle branch block,63467002,exact,,no
HP:0011715,Trifascicular block,86014007,exact,,no
HP:0011716,Junctional ectopic tachycardia,233901002,narrow,,yes
HP:0011716,Junctional ectopic tachycardia,419166005,narrow,,yes
HP:0011718,Abnormality of the pulmonary veins,111322000,narrow,,yes
HP:0011718,Abnormality of the pulmonary veins,128585006,narrow,,yes
HP:0011718,Abnormality of the pulmonary veins,199113001,narrow,,yes
HP:0011724,Uhl's anomaly,2829000,exact,laterality,no
HP:0011726,Persistent fetal circulation,206597007,narrow,,yes
HP:0011726,Persistent fetal circulation,233815004,narrow,,yes
HP:0011726,Persistent fetal circulation,35604006,narrow,,yes
HP:0011736,Primary hyperaldosteronism,190507007,narrow,,yes
HP:0011736,Primary hyperaldosteronism,258117004,narrow,,yes
HP:0011741,Secondary hyperaldosteronism,67805000,exact,,no
HP:0011742,Ectopic adrenal gland,49494003,exact,,no
HP:0011747,Abnormality of the anterior pituitary,399244003,broad,,yes
HP:0011748,Adrenocorticotropic hormone deficiency,237692001,exact,,no
HP:0011754,Pituicytoma,450901008,narrow,,yes
HP:0011754,Pituicytoma,608817003,narrow,,yes
HP:0011755,Ectopic posterior pituitary,715727009,exact,,no
HP:0011761,Pituitary null cell adenoma,254962005,exact,,no
HP:0011763,Pituitary carcinoma,128665000,narrow,,yes
HP:0011763,Pituitary carcinoma,254955001,narrow,,yes
HP:0011770,Tertiary hyperparathyroidism,78200003,exact,,no
HP:0011771,Autoimmune hypoparathyroidism,75316000,exact,,no
HP:0011773,Uninodular goiter,237569006,exact,,no
HP:0011774,Thyroid follicular adenoma,255033000,broad,,yes
HP:0011774,Thyroid follicular adenoma,255034006,broad,,yes
HP:0011779,Anaplastic thyroid carcinoma,255031003,exact,,no
HP:0011780,Thyroid hemiagenesis,715734006,exact,,no
HP:0011781,Thyroid C cell hyperplasia,237552009,exact,,no
HP:0011782,Thyroid crisis,29028009,exact,,no
HP:0011783,Thyrotoxicosis from ectopic thyroid tissue,87232008,exact,,no
HP:0011784,Thyrotoxicosis with diffuse goiter,267374005,exact,,no
HP:0011785,Thyrotoxicosis with toxic multinodular goiter,26389007,exact,,no
HP:0011786,Thyrotoxicosis with toxic single thyroid nodule,69329005,narrow,,yes
HP:0011786,Thyrotoxicosis with toxic single thyroid nodule,73869005,narrow,,yes
HP:0011787,Central hypothyroidism,26692000,exact,,no
HP:0011795,Intralobar nephroblastomatosis,405934001,broad,,yes
HP:0011796,Perilobar nephroblastomatosis,405935000,broad,,yes
HP:0011798,Renal oncocytoma,254922006,exact,,no
HP:0011801,Enlargement of parotid gland,29748005,exact,,no
HP:0011802,Hamartoma of tongue,253753005,exact,,no
HP:0011803,Bifid nose,204521002,exact,,no
HP:0011815,Cephalocele,253101008,broad,,yes
HP:0011815,Cephalocele,48777005,broad,,yes
HP:0011815,Cephalocele,55999004,broad,,yes
HP:0011816,Parietal encephalocele,253109005,exact,,no
HP:0011818,Nasofrontal encephalocele,253106003,exact,,no
HP:0011821,Abnormal facial skeleton morphology,433096001,exact,,no
HP:0011832,Narrow nasal tip,249331008,exact,,no
HP:0011833,Overhanging nasal tip,249328007,exact,,no
HP:0011838,Sclerodactyly,201051000,narrow,,yes
HP:0011838,Sclerodactyly,298285004,narrow,,yes
HP:0011841,Ventricular flutter,111288001,exact,,no
HP:0011846,Osteoblastoma,55333008,exact,,no
HP:0011847,Giant cell tumor of bone,57500000,narrow,,yes
HP:0011847,Giant cell tumor of bone,697970009,narrow,,yes
HP:0011848,Abdominal colic,9991008,exact,,no
HP:0011850,Parotitis,14756005,exact,,no
HP:0011851,Hemopericardium,23412002,exact,,no
HP:0011852,Chylopericardium,233890005,exact,,no
HP:0011854,Hemoperitoneum,443826006,narrow,,yes
HP:0011854,Hemoperitoneum,45626005,narrow,,yes
HP:0011855,Pharyngeal edema,2129002,exact,,no
HP:0011856,Pica,14077003,exact,,no
HP:0011857,Plasmacytoma,10639003,broad,,yes
HP:0011857,Plasmacytoma,415112005,broad,,yes
HP:0011859,Punctate keratitis,416300008,exact,,no
HP:0011861,Bilateral trilobed lung,448648001,exact,,no
HP:0011868,Sciatica,23056005,exact,,no
HP:0011873,Abnormal platelet count,165558001,exact,,no
HP:0011874,Heparin-induced thrombocytopenia,73397007,exact,,no
HP:0011885,Hemorrhage of the eye,417244000,narrow,,yes
HP:0011885,Hemorrhage of the eye,93478000,narrow,,yes
HP:0011886,Hyphema,75229002,exact,,no
HP:0011887,Choroid hemorrhage,122003,exact,,no
HP:0011891,Post-partum hemorrhage,47821001,exact,,no
HP:0011892,Decreased circulating vitamin K concentration,52675005,exact,,no
HP:0011893,Abnormal leukocyte count,165509000,exact,,no
HP:0011896,Subconjunctival hemorrhage,78768009,exact,,no
HP:0011899,Hyperfibrinogenemia,439000005,exact,,no
HP:0011900,Hypofibrinogenemia,234457009,exact,,no
HP:0011901,Dysfibrinogenemia,111589005,exact,,no
HP:0011903,HbH hemoglobin,48553001,exact,,no
HP:0011919,Pleural empyema,405950009,narrow,,yes
HP:0011919,Pleural empyema,405951008,narrow,,yes
HP:0011919,Pleural empyema,58554001,narrow,,yes
HP:0011920,Transudative pleural effusion,79231000,exact,,no
HP:0011921,Exudative pleural effusion,13841000119107,exact,,no
HP:0011945,Bronchiolitis obliterans organizing pneumonia,129458007,exact,,no
HP:0011946,Bronchiolitis obliterans,40100001,exact,,no
HP:0011947,Respiratory tract infection,275498002,exact,,no
HP:0011950,Unusual bronchiolitis,4120002,exact,,no
HP:0011951,Aspiration pneumonia,422588002,exact,,no
HP:0011952,Acute aspiration pneumonia,35031000119100,exact,,no
HP:0011954,Nodular regenerative hyperplasia of liver,65860006,narrow,,yes
HP:0011954,Nodular regenerative hyperplasia of liver,715140008,narrow,,yes
HP:0011958,Retinal perforation,232003005,broad,,yes
HP:0011958,Retinal perforation,302888003,broad,,yes
HP:0011958,Retinal perforation,40024006,broad,,yes
HP:0011958,Retinal perforation,95690009,broad,,yes
HP:0011967,Decreased circulating copper concentration,19577007,exact,,no
HP:0011968,Feeding difficulties,78164000,exact,,no
HP:0011970,Cerebral amyloid angiopathy,230724001,exact,,no
HP:0011971,Dermatographic urticaria,402410006,narrow,,yes
HP:0011971,Dermatographic urticaria,402601007,narrow,,yes
HP:0011971,Dermatographic urticaria,7632005,narrow,,yes
HP:0011974,Myelofibrosis,52967002,exact,,no
HP:0011985,Acholic stools,70396004,exact,,no
HP:0011986,Ectopic ossification,128491006,exact,,no
HP:0011994,Abnormal atrial septum morphology,253363004,exact,,no
HP:0011995,Atrial septal dilatation,95440004,exact,,no
HP:0011999,Paranoia,191667009,exact,,no
HP:0012005,Deja vu aura,313005,exact,onset,no
HP:0012006,Jamais vu aura,28249008,exact,onset,no
HP:0012020,Right aortic arch,111321007,narrow,,yes
HP:0012020,Right aortic arch,244229003,narrow,,yes
HP:0012022,Congenital portosystemic venous shunt,253330006,exact,,no
HP:0012023,Galactosuria,71690006,exact,,no
HP:0012024,Hypergalactosemia,190745006,broad,,yes
HP:0012024,Hypergalactosemia,190749000,broad,,yes
HP:0012026,Hyperornithinemia,276426004,narrow,,yes
HP:0012026,Hyperornithinemia,33985005,narrow,,yes
HP:0012027,Laryngeal edema,51599000,exact,,no
HP:0012028,Hepatocellular adenoma,424263008,narrow,,yes
HP:0012028,Hepatocellular adenoma,78058005,narrow,,yes
HP:0012031,Lipomatous tumor,115227001,narrow,,yes
HP:0012031,Lipomatous tumor,254827004,narrow,,yes
HP:0012031,Lipomatous tumor,254831005,narrow,,yes
HP:0012032,Lipoma,46720004,broad,,yes
HP:0012032,Lipoma,93163002,broad,,yes
HP:0012034,Liposarcoma,254829001,narrow,,yes
HP:0012034,Liposarcoma,49430005,narrow,,yes
HP:0012035,Steatocystoma multiplex,109433009,exact,,no
HP:0012038,Corneal guttata,373424008,exact,,no
HP:0012039,Descemet Membrane Folds,193821003,exact,,no
HP:0012040,Corneal stromal edema,373430008,exact,,no
HP:0012042,Aspirin-induced asthma,407674008,exact,,no
HP:0012043,Pendular nystagmus,35743001,exact,,no
HP:0012044,Seesaw nystagmus,95782001,exact,,no
HP:0012045,Retinal flecks,247138002,exact,,no
HP:0012047,Hemeralopia,399323001,exact,,no
HP:0012049,Laryngeal dystonia,3331000119108,exact,,no
HP:0012050,Anasarca,16740003,narrow,,yes
HP:0012050,Anasarca,442433009,narrow,,yes
HP:0012051,Reactive hypoglycemia,237638000,narrow,,yes
HP:0012051,Reactive hypoglycemia,317006,narrow,,yes
HP:0012054,Choroidal melanoma,255021005,exact,,no
HP:0012055,Ciliary body melanoma,255015006,exact,,no
HP:0012056,Cutaneous melanoma,2092003,broad,,yes
HP:0012056,Cutaneous melanoma,372244006,broad,,yes
HP:0012057,Superficial spreading melanoma,254730000,narrow,,yes
HP:0012057,Superficial spreading melanoma,55320002,narrow,,yes
HP:0012058,Nodular melanoma,2142002,narrow,,yes
HP:0012058,Nodular melanoma,254731001,narrow,,yes
HP:0012059,Lentigo maligna melanoma,302837001,narrow,,yes
HP:0012059,Lentigo maligna melanoma,44474009,narrow,,yes
HP:0012060,Acral lentiginous melanoma,16974005,narrow,,yes
HP:0012060,Acral lentiginous melanoma,254732008,narrow,,yes
HP:0012062,Bone cyst,112643007,broad,,yes
HP:0012062,Bone cyst,203465002,narrow,,yes
HP:0012062,Bone cyst,203467005,broad,,yes
HP:0012062,Bone cyst,66954000,narrow,,yes
HP:0012063,Aneurysmal bone cyst,203468000,narrow,,yes
HP:0012063,Aneurysmal bone cyst,76000001,narrow,,yes
HP:0012064,Unicameral bone cyst,112643007,broad,,yes
HP:0012064,Unicameral bone cyst,203467005,broad,,yes
HP:0012068,Aspartylglucosaminuria,54954004,exact,,no
HP:0012072,Aciduria,21806007,exact,,no
HP:0012074,Tonic pupil,24225004,exact,,no
HP:0012075,Personality disorder,33449004,exact,,no
HP:0012076,Borderline personality disorder,20010003,exact,,no
HP:0012077,Histrionic personality disorder,55341008,exact,,no
HP:0012085,Pyuria,275765006,narrow,,yes
HP:0012085,Pyuria,4800001,narrow,,yes
HP:0012086,Abnormal urinary color,102867009,narrow,,yes
HP:0012086,Abnormal urinary color,167239007,narrow,,yes
HP:0012088,Abnormal urinary odor,8769003,exact,,no
HP:0012089,Arteritis,52089001,exact,,no
HP:0012095,Multiple joint dislocation,287096003,narrow,,yes
HP:0012095,Multiple joint dislocation,34277002,narrow,,yes
HP:0012098,Edema of the dorsum of feet,445124008,exact,,no
HP:0012101,Decreased serum creatinine,166715006,exact,,no
HP:0012108,Open angle glaucoma,77075001,exact,,no
HP:0012109,Angle closure glaucoma,392288006,exact,,no
HP:0012114,Endometrial carcinoma,254878006,exact,,no
HP:0012115,Hepatitis,128241005,exact,,no
HP:0012117,Hyperalbuminemia,119248009,exact,,no
HP:0012118,Laryngeal carcinoma,276975007,exact,,no
HP:0012119,Methemoglobinemia,131171006,narrow,,yes
HP:0012119,Methemoglobinemia,38959009,narrow,,yes
HP:0012121,Panuveitis,75614007,exact,,no
HP:0012122,Anterior uveitis,4927003,exact,,no
HP:0012123,Posterior uveitis,16553002,narrow,,yes
HP:0012123,Posterior uveitis,43363007,narrow,,yes
HP:0012124,Intermediate uveitis,314429009,exact,,no
HP:0012125,Prostate cancer,399068003,exact,,no
HP:0012126,Stomach cancer,372143007,exact,,no
HP:0012133,Erythroid hypoplasia,167923006,broad,,yes
HP:0012133,Erythroid hypoplasia,41614006,broad,,yes
HP:0012139,Granulocytic hypoplasia,416627004,exact,,no
HP:0012151,Hemothorax,31892009,exact,,no
HP:0012154,Anhedonia,247796005,narrow,,yes
HP:0012154,Anhedonia,28669007,narrow,,yes
HP:0012155,Decreased corneal sensation,373433005,exact,,no
HP:0012156,Hemophagocytosis,61070002,exact,,no
HP:0012159,Internal carotid artery dissection,705066004,exact,,no
HP:0012163,Carotid artery dilatation,233988005,exact,,no
HP:0012164,Asterixis,32838008,exact,,no
HP:0012167,Hair-pulling,17155009,exact,,no
HP:0012168,Head-banging,43954004,exact,,no
HP:0012169,Self-biting,248072009,exact,,no
HP:0012170,Nail-biting,37298006,exact,,no
HP:0012174,Glioblastoma multiforme,393563007,narrow,,yes
HP:0012174,Glioblastoma multiforme,63634009,narrow,,yes
HP:0012175,Resistance to activated protein C,421527008,exact,,no
HP:0012180,Cystic medial necrosis,234021009,broad,,yes
HP:0012180,Cystic medial necrosis,42182000,broad,,yes
HP:0012180,Cystic medial necrosis,45894003,broad,,yes
HP:0012181,Entrapment neuropathy,45781009,exact,,no
HP:0012182,Oropharyngeal squamous cell carcinoma,423464009,narrow,,yes
HP:0012182,Oropharyngeal squamous cell carcinoma,707585008,narrow,,yes
HP:0012184,Elevated circulating HDL-C concentration,238080004,exact,,no
HP:0012188,Hyperemesis gravidarum,14094001,exact,,no
HP:0012189,Hodgkin lymphoma,118599009,narrow,,yes
HP:0012189,Hodgkin lymphoma,118602004,narrow,,yes
HP:0012189,Hodgkin lymphoma,118605002,narrow,,yes
HP:0012189,Hodgkin lymphoma,118606001,narrow,,yes
HP:0012189,Hodgkin lymphoma,14537002,narrow,,yes
HP:0012189,Hodgkin lymphoma,46923007,narrow,,yes
HP:0012189,Hodgkin lymphoma,70600005,narrow,,yes
HP:0012189,Hodgkin lymphoma,74189002,narrow,,yes
HP:0012190,T-cell lymphoma,109978004,narrow,,yes
HP:0012190,T-cell lymphoma,3172003,narrow,,yes
HP:0012191,B-cell lymphoma,109979007,narrow,,yes
HP:0012191,B-cell lymphoma,1929004,broad,,yes
HP:0012191,B-cell lymphoma,413616009,narrow,,yes
HP:0012192,Cutaneous T-cell lymphoma,28054005,narrow,,yes
HP:0012192,Cutaneous T-cell lymphoma,400122007,narrow,,yes
HP:0012193,Anaplastic large-cell lymphoma,277637000,narrow,,yes
HP:0012193,Anaplastic large-cell lymphoma,53237008,narrow,,yes
HP:0012195,Irregular respiration,248585001,exact,,no
HP:0012196,Cheyne-Stokes respiration,271824009,narrow,,yes
HP:0012196,Cheyne-Stokes respiration,309155007,narrow,,yes
HP:0012197,Insulinoma,25324008,narrow,,yes
HP:0012197,Insulinoma,302822000,narrow,,yes
HP:0012199,Cluster headache,193031009,narrow,,yes
HP:0012199,Cluster headache,193947008,narrow,,yes
HP:0012199,Cluster headache,230473009,narrow,,yes
HP:0012203,Unusual fungal nail infection,414941008,exact,,no
HP:0012205,Globozoospermia,236818008,exact,,no
HP:0012209,Juvenile myelomonocytic leukemia,128832006,narrow,,yes
HP:0012209,Juvenile myelomonocytic leukemia,277587001,narrow,,yes
HP:0012209,Juvenile myelomonocytic leukemia,445227008,narrow,,yes
HP:0012210,Abnormal renal morphology,44513007,broad,,yes
HP:0012211,Abnormal renal physiology,39539005,exact,,no
HP:0012215,Testicular microlithiasis,117261000119108,exact,,no
HP:0012216,Entrapment neuropathy of suprascapular nerve,230635000,exact,,no
HP:0012218,Alveolar soft part sarcoma,404056007,narrow,,yes
HP:0012218,Alveolar soft part sarcoma,88195001,narrow,,yes
HP:0012219,Erythema nodosum,32861005,exact,,no
HP:0012221,Pretibial blistering,67653003,exact,,no
HP:0012223,Splenic rupture,234506007,exact,,no
HP:0012226,Ovarian teratoma,716077006,exact,,no
HP:0012227,Urethral stricture,236647003,broad,,yes
HP:0012227,Urethral stricture,76618002,broad,,yes
HP:0012228,Tension-type headache,398057008,narrow,,yes
HP:0012228,Tension-type headache,66551002,narrow,,yes
HP:0012229,CSF pleocytosis,91454002,exact,,no
HP:0012230,Rhegmatogenous retinal detachment,19620000,exact,,no
HP:0012231,Serous retinal detachment,38599001,exact,,no
HP:0012232,Shortened QT interval,77867006,exact,,no
HP:0012233,Intramuscular hematoma,262969000,exact,,no
HP:0012235,Drug-induced agranulocytosis,47318007,exact,,no
HP:0012237,Urocanic aciduria,60952007,exact,,no
HP:0012239,Atransferrinemia,111571009,exact,,no
HP:0012246,Oculomotor nerve palsy,388980004,exact,,no
HP:0012248,Prolonged PR interval,164947007,exact,,no
HP:0012250,ST segment depression,26141007,narrow,,yes
HP:0012250,ST segment depression,429622005,narrow,,yes
HP:0012251,ST segment elevation,164931005,narrow,,yes
HP:0012251,ST segment elevation,76388001,narrow,,yes
HP:0012254,Ewing sarcoma,76909002,exact,,no
HP:0012265,Ciliary dyskinesia,86204009,exact,,no
HP:0012266,T-wave alternans,428550008,exact,,no
HP:0012268,Myxoid liposarcoma,27849002,narrow,,yes
HP:0012268,Myxoid liposarcoma,404069006,narrow,,yes
HP:0012280,Hepatic amyloidosis,9551004,exact,,no
HP:0012281,Chylous ascites,52985009,exact,,no
HP:0012282,Morbilliform rash,247470007,narrow,,yes
HP:0012282,Morbilliform rash,50495000,narrow,,yes
HP:0012288,Neoplasm of head and neck,255055008,narrow,,yes
HP:0012288,Neoplasm of head and neck,255056009,narrow,,yes
HP:0012289,Facial neoplasm,126632002,exact,,no
HP:0012302,HSV encephalitis,428638009,exact,,no
HP:0012303,Abnormal aortic arch morphology,448742006,exact,,no
HP:0012304,Hypoplastic aortic arch,60787001,exact,,no
HP:0012309,Cutaneous amyloidosis,201337008,narrow,,yes
HP:0012309,Cutaneous amyloidosis,281882003,narrow,,yes
HP:0012309,Cutaneous amyloidosis,282834007,narrow,,yes
HP:0012309,Cutaneous amyloidosis,718105008,narrow,,yes
HP:0012310,Abnormal monocyte count,165540007,narrow,,yes
HP:0012310,Abnormal monocyte count,165541006,narrow,,yes
HP:0012311,Increased total monocyte count,19636003,exact,,no
HP:0012312,Decreased total monocyte count,165539005,exact,,no
HP:0012313,Heberden node,371598009,exact,,no
HP:0012314,Bouchard node,20243008,exact,,no
HP:0012315,Histiocytoma,128741006,narrow,,yes
HP:0012315,Histiocytoma,302843004,narrow,,yes
HP:0012318,Occipital neuralgia,71760005,exact,,no
HP:0012321,D-2-hydroxyglutaric aciduria,237960000,exact,,no
HP:0012322,Perifolliculitis,83341004,exact,,no
HP:0012323,Sleep myoclonus,34101000119105,exact,,no
HP:0012324,Myeloid leukemia,128934006,narrow,,yes
HP:0012324,Myeloid leukemia,188732008,narrow,,yes
HP:0012324,Myeloid leukemia,37810007,narrow,,yes
HP:0012325,Chronic myelomonocytic leukemia,127225006,narrow,,yes
HP:0012325,Chronic myelomonocytic leukemia,128831004,narrow,,yes
HP:0012327,Celiac artery compression,9250002,exact,,no
HP:0012328,Cementoma,23255001,narrow,,yes
HP:0012328,Cementoma,37258009,narrow,,yes
HP:0012329,Tufted angioma,254786000,narrow,,yes
HP:0012329,Tufted angioma,705155008,narrow,,yes
HP:0012330,Pyelonephritis,45816000,exact,,no
HP:0012334,Extrahepatic cholestasis,20719006,narrow,,yes
HP:0012334,Extrahepatic cholestasis,8262006,narrow,,yes
HP:0012341,Microprolactinoma,253010003,exact,,no
HP:0012342,Macroprolactinoma,253011004,exact,,no
HP:0012344,Morphea,201049004,exact,,no
HP:0012364,Decreased urinary potassium,54781007,exact,,no
HP:0012365,Hypophosphaturia,91632005,exact,,no
HP:0012370,Prominence of the zygomatic bone,427888001,exact,,no
HP:0012375,Chemosis,8148005,exact,,no
HP:0012376,Microphakia,35272001,exact,,no
HP:0012377,Hemianopia,77674003,exact,,no
HP:0012378,Fatigue,248274002,narrow,,yes
HP:0012378,Fatigue,84229001,narrow,,yes
HP:0012382,Left-to-right shunt,66130006,exact,,no
HP:0012383,Bidirectional shunt,13352000,exact,,no
HP:0012384,Rhinitis,70076002,exact,,no
HP:0012385,Camptodactyly,29271008,exact,,no
HP:0012387,Bronchitis,32398004,exact,,no
HP:0012388,Acute bronchitis,10509002,narrow,,yes
HP:0012388,Acute bronchitis,35301006,narrow,,yes
HP:0012390,Anal fissure,20928004,narrow,,yes
HP:0012390,Anal fissure,30037006,narrow,,yes
HP:0012393,Allergy,419076005,exact,,no
HP:0012395,Seasonal allergy,21719001,narrow,,yes
HP:0012395,Seasonal allergy,300910009,narrow,,yes
HP:0012395,Seasonal allergy,367498001,narrow,,yes
HP:0012395,Seasonal allergy,444316004,narrow,,yes
HP:0012396,Biliary dyskinesia,197432008,exact,,no
HP:0012397,Aortic atherosclerotic lesion,81817003,exact,,no
HP:0012398,Peripheral edema,271809000,narrow,,yes
HP:0012398,Peripheral edema,82014009,narrow,,yes
HP:0012399,Pressure ulcer,399912005,narrow,,yes
HP:0012399,Pressure ulcer,420226006,narrow,,yes
HP:0012407,Scissor gait,22090007,exact,,no
HP:0012408,Medullary nephrocalcinosis,236447005,exact,,no
HP:0012409,Cortical nephrocalcinosis,236446001,exact,,no
HP:0012410,Pure red cell aplasia,50715003,exact,,no
HP:0012411,Premature pubarche,237815000,exact,onset,no
HP:0012412,Premature adrenarche,103021001,exact,onset,no
HP:0012413,Notched primary central incisor,410500004,narrow,,yes
HP:0012413,Notched primary central incisor,86443005,narrow,,yes
HP:0012415,Abnormal blood gas level,312391003,exact,,no
HP:0012416,Hypercapnia,29596007,exact,,no
HP:0012417,Hypocapnia,61031008,exact,,no
HP:0012418,Hypoxemia,389087006,exact,,no
HP:0012420,Meconium stained amniotic fluid,168092006,narrow,,yes
HP:0012420,Meconium stained amniotic fluid,249135009,narrow,,yes
HP:0012421,Congenital absence of foreskin,300519001,exact,,no
HP:0012424,Chorioretinitis,46627006,exact,,no
HP:0012425,Stercoral ulcer,235766003,narrow,,yes
HP:0012425,Stercoral ulcer,38084005,narrow,,yes
HP:0012425,Stercoral ulcer,46040000,narrow,,yes
HP:0012426,Optic disc drusen,33629003,exact,,no
HP:0012441,Sphincter of Oddi dyskinesia,430887001,exact,,no
HP:0012444,Brain atrophy,278849000,broad,,yes
HP:0012444,Brain atrophy,418143002,broad,,yes
HP:0012444,Brain atrophy,52522001,broad,,yes
HP:0012446,Decreased CSF 5-methyltetrahydrofolate concentration,711403001,exact,,no
HP:0012448,Delayed myelination,135810007,exact,,no
HP:0012450,Chronic constipation,236069009,exact,,no
HP:0012451,Acute constipation,197119006,exact,,no
HP:0012452,Restless legs,32914008,exact,,no
HP:0012459,Hypnic headache,122711000119109,exact,,no
HP:0012461,Bacteriuria,61373006,exact,,no
HP:0012466,Chronic respiratory acidosis,8764008,exact,,no
HP:0012467,Acute respiratory acidosis,70644008,exact,,no
HP:0012470,Setting-sun eye phenomenon,63342001,exact,,no
HP:0012473,Tongue atrophy,249382006,narrow,,yes
HP:0012473,Tongue atrophy,50805004,narrow,,yes
HP:0012474,Carotid artery occlusion,266254007,narrow,,yes
HP:0012474,Carotid artery occlusion,69798007,narrow,,yes
HP:0012475,Impaired specific antibody response,234556002,exact,,no
HP:0012478,Temporomandibular joint ankylosis,298231004,narrow,,yes
HP:0012478,Temporomandibular joint ankylosis,50603008,narrow,,yes
HP:0012478,Temporomandibular joint ankylosis,91866004,narrow,,yes
HP:0012479,Temporomandibular joint crepitus,298377005,exact,,no
HP:0012486,Myelitis,41370002,exact,,no
HP:0012490,Panniculitis,22125009,exact,,no
HP:0012493,Middle cerebral artery stenosis,21290001000004104,exact,,no
HP:0012498,Nuchal cord,302929008,exact,,no
HP:0012503,Abnormal pituitary gland morphology,399244003,broad,,yes
HP:0012505,Enlarged pituitary gland,237718009,exact,,no
HP:0012508,Metamorphopsia,42134006,exact,,no
HP:0012511,Temporal optic disc pallor,247220006,exact,,no
HP:0012513,Upper limb pain,102556003,exact,,no
HP:0012514,Lower limb pain,10601006,exact,,no
HP:0012516,Tetralogy of Fallot with pulmonary atresia,253513005,exact,,no
HP:0012531,Pain,22253000,exact,,no
HP:0012532,Chronic pain,82423001,exact,,no
HP:0012533,Allodynia,247404004,exact,,no
HP:0012534,Dysesthesia,279079003,exact,,no
HP:0012537,Food intolerance,235719002,exact,,no
HP:0012538,Gluten intolerance,396331005,broad,,yes
HP:0012538,Gluten intolerance,441831003,narrow,,yes
HP:0012539,Non-Hodgkin lymphoma,118601006,narrow,,yes
HP:0012539,Non-Hodgkin lymphoma,128929007,narrow,,yes
HP:0012539,Non-Hodgkin lymphoma,188675007,narrow,,yes
HP:0012539,Non-Hodgkin lymphoma,1929004,broad,,yes
HP:0012541,Cephalohematoma,206200000,narrow,,yes
HP:0012541,Cephalohematoma,83095000,narrow,,yes
HP:0012542,Onychauxis,30654002,exact,,no
HP:0012561,Unicuspid aortic valve,253610004,exact,,no
HP:0012568,Lower eyelid edema,700327003,exact,,no
HP:0012570,Synovial sarcoma,302851001,narrow,,yes
HP:0012570,Synovial sarcoma,63211008,narrow,,yes
HP:0012572,Ureter duplex,49496001,broad,,yes
HP:0012574,Mesangial hypercellularity,125510009,exact,,no
HP:0012578,Membranous nephropathy,77182004,exact,,no
HP:0012579,Minimal change glomerulonephritis,44785005,exact,,no
HP:0012581,Simple renal cyst,77945009,exact,,no
HP:0012582,Bilateral renal dysplasia,204950001,exact,,no
HP:0012583,Unilateral renal hypoplasia,204948009,exact,,no
HP:0012584,Bilateral renal hypoplasia,268232000,exact,,no
HP:0012585,Renal atrophy,197659005,exact,,no
HP:0012587,Macroscopic hematuria,197941005,exact,,no
HP:0012588,Steroid-resistant nephrotic syndrome,236381000,exact,,no
HP:0012592,Albuminuria,274769005,exact,,no
HP:0012593,Nephrotic range proteinuria,264867001,exact,,no
HP:0012594,Moderate albuminuria,312975006,exact,,no
HP:0012614,Abnormal urine cytology,310439007,exact,,no
HP:0012615,Cylindruria,5277004,exact,,no
HP:0012618,Urachal cyst,17234001,broad,,yes
HP:0012621,Persistent cloaca,74829002,exact,,no
HP:0012622,Chronic kidney disease,709044004,exact,,no
HP:0012623,Stage 1 chronic kidney disease,431855005,exact,,no
HP:0012624,Stage 2 chronic kidney disease,431856006,exact,,no
HP:0012625,Stage 3 chronic kidney disease,433144002,exact,,no
HP:0012626,Stage 4 chronic kidney disease,431857002,exact,,no
HP:0012629,Phakodonesis,116669003,exact,,no
HP:0012632,Abnormal intraocular pressure,24075007,exact,,no
HP:0012636,Retinal venous occlusion,46085004,exact,,no
HP:0012641,Decreased intracranial pressure,167714004,narrow,,yes
HP:0012641,Decreased intracranial pressure,277657001,narrow,,yes
HP:0012646,Retractile testis,21779006,exact,,no
HP:0012652,Exercise-induced asthma,31387002,exact,,no
HP:0012653,Status asthmaticus,708090002,exact,,no
HP:0012668,Vasovagal syncope,234167006,narrow,,yes
HP:0012668,Vasovagal syncope,398652001,narrow,,yes
HP:0012668,Vasovagal syncope,398665005,narrow,,yes
HP:0012669,Carotid sinus syncope,51723007,exact,,no
HP:0012672,Akinetic mutism,53333005,exact,,no
HP:0012674,Aplasia of the lower vagina,253834007,exact,,no
HP:0012683,Pineal cyst,413099000,exact,,no
HP:0012701,Bowel urgency,71820002,exact,,no
HP:0012702,Tenesmus,267053000,narrow,,yes
HP:0012702,Tenesmus,6548007,narrow,,yes
HP:0012710,Ingrown nail,400097005,narrow,,yes
HP:0012710,Ingrown nail,400200009,narrow,,yes
HP:0012714,Severe hearing impairment,3561000119106,exact,,no
HP:0012720,Neoplasm of the nose,126669004,exact,,no
HP:0012721,Venous malformation,297222002,exact,,no
HP:0012722,Heart block,233916004,exact,,no
HP:0012723,Sinoatrial block,65778007,exact,,no
HP:0012724,Upper eyelid edema,700339006,exact,,no
HP:0012727,Thoracic aortic aneurysm,433068007,exact,,no
HP:0012730,Aglossia,74788000,exact,,no
HP:0012732,Anorectal anomaly,33225004,exact,,no
HP:0012733,Macule,112629002,exact,,no
HP:0012734,Ketotic hypoglycemia,20825002,exact,,no
HP:0012735,Cough,263731006,narrow,,yes
HP:0012735,Cough,272039006,narrow,,yes
HP:0012735,Cough,49727002,narrow,,yes
HP:0012737,Small intestinal polyp,399723004,exact,,no
HP:0012740,Papilloma,23730008,narrow,,yes
HP:0012740,Papilloma,711329002,narrow,,yes
HP:0012741,Unilateral cryptorchidism,268227001,exact,,no
HP:0012743,Abdominal obesity,248311001,broad,,yes
HP:0012744,Femoral aplasia,47276000,exact,,no
HP:0012745,Short palpebral fissure,246802000,exact,,no
HP:0012763,Paroxysmal dyspnea,59265000,exact,,no
HP:0012764,Orthopnea,62744007,exact,,no
HP:0012768,Neonatal asphyxia,28314004,narrow,,yes
HP:0012768,Neonatal asphyxia,413654009,narrow,,yes
HP:0012777,Retinal neoplasm,127002001,broad,,yes
HP:0012780,Neoplasm of the ear,363228008,exact,,no
HP:0012782,Perilobar nephrogenic rest,405935000,broad,,yes
HP:0012783,Intralobar nephrogenic rest,405934001,broad,,yes
HP:0012784,Perinephritis,111404004,exact,,no
HP:0012786,Recurrent cystitis,197853008,exact,,no
HP:0012797,Lymphatic vessel neoplasm,115236002,exact,,no
HP:0012798,Pulmonary lymphangiomyomatosis,73017001,exact,,no
HP:0012803,Anisometropia,3289004,exact,,no
HP:0012804,Corneal ulceration,91514001,broad,,yes
HP:0012819,Myocarditis,50920009,exact,,no
HP:0012824,Severity,103370009,exact,,no
HP:0012825,Mild,446411000124101,exact,severity,no
HP:0012826,Moderate,446421000124109,narrow,severity,yes
HP:0012826,Moderate,6736007,narrow,severity,yes
HP:0012828,Severe,24484000,exact,severity,no
HP:0012829,Profound,795002,exact,severity,no
HP:0012831,Laterality,272741003,exact,,no
HP:0012832,Bilateral,51440002,exact,laterality,no
HP:0012833,Unilateral,66459002,exact,laterality,no
HP:0012834,Right,264180000,exact,laterality,no
HP:0012835,Left,263795004,exact,laterality,no
HP:0012837,Generalized,60132005,exact,,no
HP:0012838,Localized,255471002,exact,,no
HP:0012839,Distal,46053002,exact,,no
HP:0012840,Proximal,40415009,exact,,no
HP:0012842,Skin appendage neoplasm,126489007,narrow,,yes
HP:0012842,Skin appendage neoplasm,55681005,narrow,,yes
HP:0012843,Hair follicle neoplasm,44155009,broad,,yes
HP:0012844,Trichilemmoma,274900003,narrow,,yes
HP:0012844,Trichilemmoma,46199002,narrow,,yes
HP:0012847,Epilepsia partialis continua,241006,exact,,no
HP:0012849,Small intestinal bleeding,70375006,exact,,no
HP:0012850,Small intestinal dysmotility,253768006,exact,,no
HP:0012851,Colonic stenosis,19132000,narrow,,yes
HP:0012851,Colonic stenosis,8543007,narrow,,yes
HP:0012853,Scrotal hypospadias,702462000,exact,,no
HP:0012859,Esophageal leukoplakia,89057003,exact,,no
HP:0012861,Ovotestis,18978002,broad,,yes
HP:0012864,Abnormal sperm morphology,236817003,exact,,no
HP:0012870,Vanishing testis,53599007,exact,,no
HP:0012871,Varicocele,46871008,narrow,,yes
HP:0012871,Varicocele,51070004,narrow,,yes
HP:0012873,Absent vas deferens,300506000,narrow,,yes
HP:0012873,Absent vas deferens,5286009,narrow,,yes
HP:0012873,Absent vas deferens,702610009,narrow,,yes
HP:0012875,Abnormal ejaculation,386674000,exact,,no
HP:0012876,Premature ejaculation,44001008,exact,,no
HP:0012877,Retrograde ejaculation,50112006,exact,,no
HP:0012878,Retarded ejaculation,15405008,exact,,no
HP:0012879,Anejaculation,248782001,narrow,,yes
HP:0012879,Anejaculation,42288005,narrow,,yes
HP:0012883,Fallopian tube cyst,59401005,exact,,no
HP:0012884,Fallopian tube torsion,46946009,exact,,no
HP:0012885,Fallopian tube duplication,48672005,exact,,no
HP:0012886,Hemorrhagic ovarian cyst,119420007,exact,,no
HP:0012887,Ovarian serous cystadenoma,119421006,exact,,no
HP:0012889,Cervical endometriosis,61640006,exact,,no
HP:0012905,Euryblepharon,400954002,exact,,no
HP:0020034,Diffuse,19648000,exact,,no
HP:0025004,Hallux rigidus,6654000,exact,,no
HP:0030002,Nocturnal lagophthalmos,417740005,exact,,no
HP:0030003,Paralytic lagophthalmos,59890007,exact,,no
HP:0030004,Cicatricial lagophthalmos,9042000,exact,,no
HP:0030005,Capillary leak,1608005,narrow,,yes
HP:0030005,Capillary leak,87730004,narrow,,yes
HP:0030007,EMG: positive sharp waves,251527008,exact,,no
HP:0030008,Cervical agenesis,37687000,exact,,no
HP:0030009,Cervical insufficiency,17382005,exact,,no
HP:0030010,Hydrometrocolpos,60023006,exact,,no
HP:0030011,Imperforate hymen,65937002,exact,,no
HP:0030015,Female anorgasmia,60103007,exact,,no
HP:0030016,Dyspareunia,71315007,exact,,no
HP:0030017,Vaginismus,79012001,exact,,no
HP:0030024,Pretragal ectopia,204245004,exact,,no
HP:0030028,Absent nasal cartilage,232381002,exact,,no
HP:0030033,Small finger,299058009,exact,,no
HP:0030038,Enchondroma,31186001,narrow,,yes
HP:0030038,Enchondroma,423699002,narrow,,yes
HP:0030041,Schmorl's node,45181002,exact,,no
HP:0030042,Incomplete ossification of pubis,373940002,exact,,no
HP:0030043,Hip subluxation,263057000,exact,,no
HP:0030048,Colpocephaly,253160006,exact,,no
HP:0030049,Brain abscess,441806004,exact,,no
HP:0030061,Neuroectodermal neoplasm,253096008,broad,,yes
HP:0030061,Neuroectodermal neoplasm,73676002,broad,,yes
HP:0030062,Craniopharyngioma,189179009,narrow,,yes
HP:0030062,Craniopharyngioma,40009002,narrow,,yes
HP:0030064,Neurocytoma,128858006,exact,,no
HP:0030065,Primitive neuroectodermal tumor,39781001,broad,,yes
HP:0030065,Primitive neuroectodermal tumor,55045006,narrow,,yes
HP:0030065,Primitive neuroectodermal tumor,699028006,narrow,,yes
HP:0030066,Ependymoblastoma,21589007,narrow,,yes
HP:0030066,Ependymoblastoma,715901002,narrow,,yes
HP:0030067,Peripheral primitive neuroectodermal neoplasm,253096008,broad,,yes
HP:0030067,Peripheral primitive neuroectodermal neoplasm,703707001,narrow,,yes
HP:0030067,Peripheral primitive neuroectodermal neoplasm,73676002,broad,,yes
HP:0030068,Olfactory esthesioneuroblastoma,422886007,narrow,,yes
HP:0030068,Olfactory esthesioneuroblastoma,68614005,narrow,,yes
HP:0030068,Olfactory esthesioneuroblastoma,76060004,narrow,,yes
HP:0030069,Primary central nervous system lymphoma,21964009,broad,,yes
HP:0030069,Primary central nervous system lymphoma,307649006,narrow,,yes
HP:0030070,Central primitive neuroectodermal tumor,39781001,broad,,yes
HP:0030071,Medulloepithelioma,39005004,narrow,,yes
HP:0030071,Medulloepithelioma,715903004,narrow,,yes
HP:0030072,Paranasal sinus neoplasm,126675008,exact,,no
HP:0030074,Chemodectoma,127028003,narrow,,yes
HP:0030074,Chemodectoma,30699005,narrow,,yes
HP:0030075,Ductal carcinoma in situ,109889007,narrow,,yes
HP:0030075,Ductal carcinoma in situ,278053004,narrow,,yes
HP:0030075,Ductal carcinoma in situ,373176000,narrow,,yes
HP:0030075,Ductal carcinoma in situ,86616005,narrow,,yes
HP:0030076,Lobular carcinoma in situ,109888004,exact,,no
HP:0030077,Bronchial neoplasm,126705004,exact,,no
HP:0030078,Lung adenocarcinoma,254626006,exact,,no
HP:0030079,Cervix cancer,363354003,exact,,no
HP:0030080,Burkitt lymphoma,118617000,narrow,,yes
HP:0030080,Burkitt lymphoma,22197008,narrow,,yes
HP:0030080,Burkitt lymphoma,277571004,narrow,,yes
HP:0030080,Burkitt lymphoma,397400006,narrow,,yes
HP:0030080,Burkitt lymphoma,77381001,narrow,,yes
HP:0030084,Clinodactyly,17268007,broad,,yes
HP:0030087,Abnormal circulating testosterone concentration,166458009,exact,,no
HP:0030127,Endometriosis,129103003,narrow,,yes
HP:0030127,Endometriosis,396224008,narrow,,yes
HP:0030142,Abnormal bowel sounds,60612008,exact,,no
HP:0030143,Hyperactive bowel sounds,18101008,exact,,no
HP:0030144,Hypoactive bowel sounds,15280003,exact,,no
HP:0030148,Heart murmur,414786004,narrow,,yes
HP:0030148,Heart murmur,421493004,narrow,,yes
HP:0030148,Heart murmur,88610006,narrow,,yes
HP:0030149,Cardiogenic shock,89138009,exact,,no
HP:0030151,Cholangitis,82403002,exact,,no
HP:0030153,Cholangiocarcinoma,312104005,narrow,,yes
HP:0030153,Cholangiocarcinoma,70179006,narrow,,yes
HP:0030154,Gallbladder perforation,25345001,exact,,no
HP:0030155,Scrotal pain,20502007,exact,,no
HP:0030156,Bence Jones Proteinuria,274771005,exact,,no
HP:0030157,Flank pain,247355005,exact,,no
HP:0030158,Cervical ectropion,61253004,narrow,,yes
HP:0030158,Cervical ectropion,79342006,narrow,,yes
HP:0030159,Cervical polyp,123841004,narrow,,yes
HP:0030159,Cervical polyp,65576009,narrow,,yes
HP:0030160,Cervicitis,37610005,exact,,no
HP:0030161,Vaginal pruritus,34363003,exact,,no
HP:0030164,Jaw claudication,43922008,exact,,no
HP:0030166,Night sweats,42984000,exact,,no
HP:0030169,Gastric varix,91109007,exact,,no
HP:0030171,Perirenal hematoma,197824007,exact,,no
HP:0030180,Oppenheim reflex,414949005,exact,,no
HP:0030186,Kinetic tremor,30721006,broad,,yes
HP:0030186,Kinetic tremor,609558009,narrow,,yes
HP:0030187,Titubation,78691002,exact,,no
HP:0030212,Collectionism,247968005,exact,,no
HP:0030213,Emotional dearth,6140007,exact,,no
HP:0030219,Semantic dementia,230288001,exact,course/temporality,no
HP:0030222,Visual agnosia,25762009,exact,,no
HP:0030223,Perseverative thought,44515000,exact,,no
HP:0030237,Hand muscle weakness,298283006,exact,,no
HP:0030242,Portal vein thrombosis,17920008,exact,,no
HP:0030243,Hepatic vein thrombosis,38739001,exact,,no
HP:0030248,Mesenteric venous thrombosis,95446005,exact,,no
HP:0030249,Enanthema,5862001,exact,,no
HP:0030260,Microphallus,276333003,exact,,no
HP:0030261,Absent penis,204908001,narrow,,yes
HP:0030261,Absent penis,59981001,narrow,,yes
HP:0030264,Webbed penis,253852007,exact,,no
HP:0030280,Rib gap,249705009,exact,,no
HP:0030283,Partial absence of the septum pellucidum,422474003,exact,,no
HP:0030318,Angular cheilitis,266429005,exact,,no
HP:0030345,Abnormal circulating luteinizing hormone concentration,166374003,exact,,no
HP:0030357,Small cell lung carcinoma,254632001,narrow,,yes
HP:0030357,Small cell lung carcinoma,254633006,narrow,,yes
HP:0030358,Non-small cell lung carcinoma,254637007,exact,,no
HP:0030359,Squamous cell lung carcinoma,254634000,exact,,no
HP:0030360,Large cell lung carcinoma,254629004,exact,,no
HP:0030392,Choroid plexus carcinoma,88252006,exact,,no
HP:0030393,Endolymphatic sac tumor,699817008,exact,,no
HP:0030394,Fallopian tube carcinoma,276870001,exact,,no
HP:0030404,Glucagonoma,128855009,narrow,,yes
HP:0030404,Glucagonoma,16424000,narrow,,yes
HP:0030404,Glucagonoma,302823005,narrow,,yes
HP:0030405,Pancreatic endocrine tumor,126864006,narrow,,yes
HP:0030405,Pancreatic endocrine tumor,128878003,narrow,,yes
HP:0030405,Pancreatic endocrine tumor,237596009,narrow,,yes
HP:0030405,Pancreatic endocrine tumor,399528006,narrow,,yes
HP:0030405,Pancreatic endocrine tumor,76345009,narrow,,yes
HP:0030407,Pineocytoma,255045009,narrow,,yes
HP:0030407,Pineocytoma,89096009,narrow,,yes
HP:0030408,Pineoblastoma,31671006,exact,,no
HP:0030409,Renal transitional cell carcinoma,408642003,exact,,no
HP:0030410,Sebaceous gland carcinoma,307599002,narrow,,yes
HP:0030410,Sebaceous gland carcinoma,54734006,narrow,,yes
HP:0030413,Squamous cell carcinoma of the tongue,276952000,exact,,no
HP:0030416,Vulvar neoplasm,126922007,exact,,no
HP:0030417,Squamous cell carcinoma of the vulva,254895003,exact,,no
HP:0030418,Vulvar melanoma,254896002,exact,,no
HP:0030419,Bartholin gland carcinoma,276876007,narrow,,yes
HP:0030419,Bartholin gland carcinoma,399533005,narrow,,yes
HP:0030421,Epididymal neoplasm,126902008,exact,,no
HP:0030423,Splenic cyst,79040006,exact,,no
HP:0030424,Epididymal cyst,43077002,narrow,,yes
HP:0030424,Epididymal cyst,49263001,narrow,,yes
HP:0030426,Ossifying fibroma,25603007,narrow,,yes
HP:0030426,Ossifying fibroma,302862001,narrow,,yes
HP:0030426,Ossifying fibroma,302863006,narrow,,yes
HP:0030426,Ossifying fibroma,80699009,narrow,,yes
HP:0030429,Juvenile nasopharyngeal angiofibroma,60392001,broad,,yes
HP:0030429,Juvenile nasopharyngeal angiofibroma,716590006,narrow,,yes
HP:0030430,Neuroma,25169009,narrow,,yes
HP:0030430,Neuroma,274089002,narrow,,yes
HP:0030430,Neuroma,443892003,narrow,,yes
HP:0030430,Neuroma,84116009,narrow,,yes
HP:0030431,Osteochondroma,307573009,narrow,,yes
HP:0030431,Osteochondroma,443093007,narrow,,yes
HP:0030431,Osteochondroma,52299001,narrow,,yes
HP:0030432,Chondroblastoma,9001003,exact,,no
HP:0030433,Osteoid osteoma,302859004,narrow,,yes
HP:0030433,Osteoid osteoma,71666005,narrow,,yes
HP:0030434,Pilomatrixoma,274901004,narrow,,yes
HP:0030434,Pilomatrixoma,44155009,broad,,yes
HP:0030436,Fibrofolliculoma,128683008,narrow,,yes
HP:0030436,Fibrofolliculoma,254699007,narrow,,yes
HP:0030437,Anal canal neoplasm,126850006,exact,,no
HP:0030442,Anal margin squamous cell carcinoma,255084004,exact,,no
HP:0030445,Pulmonary carcinoid tumor,254627002,exact,,no
HP:0030447,Merkel cell skin cancer,253001006,narrow,,yes
HP:0030447,Merkel cell skin cancer,254729005,narrow,,yes
HP:0030447,Merkel cell skin cancer,5052009,narrow,,yes
HP:0030448,Soft tissue sarcoma,2424003,broad,,yes
HP:0030448,Soft tissue sarcoma,269469005,broad,,yes
HP:0030448,Soft tissue sarcoma,424413001,broad,,yes
HP:0030448,Soft tissue sarcoma,424952003,broad,,yes
HP:0030449,Therapeutic abortion,386641000,exact,,no
HP:0030451,Mesenteric cyst,253802003,narrow,,yes
HP:0030451,Mesenteric cyst,27970007,narrow,,yes
HP:0030454,Abnormal electrooculogram,442770004,exact,,no
HP:0030499,Macular drusen,247154004,exact,,no
HP:0030502,Retinoschisis,44268007,exact,,no
HP:0030503,Macular telangiectasia,232024000,exact,,no
HP:0030511,Bradyopsia,711163009,exact,,no
HP:0030515,Moderately reduced visual acuity,397542006,exact,,no
HP:0030516,Homonymous hemianopia,34063005,exact,,no
HP:0030517,Heteronymous hemianopia,344104004,narrow,,yes
HP:0030517,Heteronymous hemianopia,345121001,narrow,,yes
HP:0030520,Binasal hemianopia,87278000,exact,,no
HP:0030521,Bitemporal hemianopia,61917005,exact,,no
HP:0030528,Paracentral scotoma,64418005,exact,,no
HP:0030529,Ring scotoma,129625005,exact,,no
HP:0030530,Arcuate scotoma,15462009,exact,,no
HP:0030553,Visual acuity no light perception,63063006,exact,,no
HP:0030642,Fundus albipunctatus,68222009,exact,,no
HP:0030645,Central,26216008,exact,,no
HP:0030646,Peripheral,14414005,exact,,no
HP:0030650,Focal,87017008,exact,,no
HP:0030651,Multifocal,524008,exact,,no
HP:0030655,Umbilical cord knot,237309005,exact,,no
HP:0030657,Umbilical cord hematoma,86256001,exact,,no
HP:0030658,Marginal umbilical cord insertion,51519001,exact,,no
HP:0030659,Velamentous cord insertion,77278008,exact,,no
HP:0030661,Vitreous snowballs,417393008,exact,,no
HP:0030664,Beevor's sign,61282003,exact,,no
HP:0030666,Retinal neovascularization,61267008,exact,,no
HP:0030667,Peripheral retinal neovascularization,247100001,exact,,no
HP:0030672,Asteroid hyalosis,95800001,exact,,no
HP:0030673,Erosive vitreoretinopathy,232064001,exact,,no
HP:0030683,Recurrent bacterial vaginosis,30800001,exact,,no
HP:0030688,Increased glucagon level,131106002,exact,,no
HP:0030689,Decreased glucagon level,131107006,exact,,no
HP:0030690,Gingival cleft,109622003,exact,,no
HP:0030692,Brain neoplasm,126952004,narrow,,yes
HP:0030692,Brain neoplasm,254935002,narrow,,yes
HP:0030693,Supratentorial neoplasm,127026004,broad,,yes
HP:0030693,Supratentorial neoplasm,359619007,broad,,yes
HP:0030693,Supratentorial neoplasm,47598005,broad,,yes
HP:0030694,Pineal parenchymal cell neoplasm,127026004,broad,,yes
HP:0030694,Pineal parenchymal cell neoplasm,359619007,broad,,yes
HP:0030694,Pineal parenchymal cell neoplasm,47598005,broad,,yes
HP:0030706,Ranula,14919007,exact,,no
HP:0030708,Myeloschisis,360530005,exact,,no
HP:0030709,Myelocystocele,203994003,broad,,yes
HP:0030709,Myelocystocele,414667000,broad,,yes
HP:0030710,Lipomeningocele,253120005,exact,,no
HP:0030712,Uterine synechiae,48236007,exact,,no
HP:0030713,Vein of Galen aneurysmal malformation,253194008,exact,,no
HP:0030715,Bronchial atresia,50513008,exact,,no
HP:0030716,Acrania,203923004,exact,,no
HP:0030717,Meconium peritonitis,57341009,exact,,no
HP:0030718,Right atrial enlargement,67751000119106,exact,laterality,no
HP:0030719,Unguarded tricuspid valve,253381001,exact,,no
HP:0030722,Ectopic liver,253813000,exact,,no
HP:0030724,Central nervous system cyst,277333006,exact,,no
HP:0030725,Neurenteric cyst,253127008,narrow,,yes
HP:0030725,Neurenteric cyst,41353005,narrow,,yes
HP:0030728,Meromelia,60220000,exact,,no
HP:0030731,Carcinoma,68453008,exact,,no
HP:0030736,Sacrococcygeal teratoma,281561000,exact,,no
HP:0030742,Glial remnants posterior to lens,370483001,exact,,no
HP:0030745,Dilatation of the ductus arteriosus,233990006,exact,,no
HP:0030746,Intraventricular hemorrhage,23276006,exact,,no
HP:0030748,Grade I preterm intraventricular hemorrhage,276650005,exact,,no
HP:0030752,Dacryocystocele,42758002,exact,,no
HP:0030754,Allantoic cyst,17234001,broad,,yes
HP:0030757,Tooth abscess,299709002,exact,,no
HP:0030760,Renal fibrosis,197660000,exact,,no
HP:0030764,Ochronosis,410042009,exact,,no
HP:0030765,Sleep terror,89675003,exact,,no
HP:0030766,Ear pain,16001004,narrow,,yes
HP:0030766,Ear pain,162356005,narrow,,yes
HP:0030767,Epignathus,31248004,exact,,no
HP:0030769,Exencephaly,84461004,exact,,no
HP:0030770,Craniorachischisis,32219008,exact,,no
HP:0030771,Mallet finger,64298006,exact,,no
HP:0030772,Proximal femoral focal deficiency,205211001,exact,,no
HP:0030773,Internuclear ophthalmoplegia,49823009,exact,,no
HP:0030774,Mitochondrial swelling,125429001,exact,,no
HP:0030779,Ethmocephaly,55709000,exact,,no
HP:0030784,Anomic aphasia,10325006,exact,,no
HP:0030786,Photopsia,56170001,exact,,no
HP:0030788,Impacted cerumen,18070006,exact,,no
HP:0030792,Jaw neoplasm,126634001,exact,,no
HP:0030799,Scaphocephaly,4191007,exact,,no
HP:0030802,Lower eyelid retraction,700264006,exact,,no
HP:0030804,Trachyonychia,69192004,exact,,no
HP:0030811,Tongue pain,30731004,exact,,no
HP:0030812,Enlarged tonsils,46689006,exact,,no
HP:0030813,Absent tonsils,249393008,narrow,,yes
HP:0030813,Absent tonsils,300277007,narrow,,yes
HP:0030816,Gingival recession,4356008,exact,,no
HP:0030818,Central nail canal,238718006,narrow,,yes
HP:0030818,Central nail canal,86393005,narrow,,yes
HP:0030825,Absent foveal reflex,247144003,exact,,no
HP:0030828,Wheezing,56018004,exact,,no
HP:0030829,Abnormal breath sound,301273002,exact,,no
HP:0030830,Crackles,48409008,exact,,no
HP:0030831,Rhonchi,24612001,exact,,no
HP:0030832,Vitreous strands,28167005,exact,,no
HP:0030833,Neck pain,81680005,exact,,no
HP:0030834,Shoulder pain,45326000,exact,,no
HP:0030835,Elbow pain,74323005,exact,,no
HP:0030836,Wrist pain,202482009,narrow,,yes
HP:0030836,Wrist pain,56608008,narrow,,yes
HP:0030837,Finger pain,18876004,exact,,no
HP:0030838,Hip pain,49218002,broad,,yes
HP:0030839,Knee pain,30989003,exact,,no
HP:0030840,Ankle pain,202490009,narrow,,yes
HP:0030840,Ankle pain,247373008,narrow,,yes
HP:0030841,Toe pain,285365001,exact,,no
HP:0030843,Cardiac amyloidosis,16573007,exact,,no
HP:0030847,Abnormal jugular venous pressure,62436006,exact,,no
HP:0030848,Elevated jugular venous pressure,22447003,exact,,no
HP:0030849,Hepatojugular reflux,72196001,exact,,no
HP:0030853,Heterotaxy,14821001,broad,,yes
HP:0030853,Heterotaxy,24614000,broad,,yes
HP:0030854,Scleral staphyloma,111534007,exact,,no
HP:0030855,Anterior staphyloma,231888000,exact,,no
HP:0030856,Posterior staphyloma,87819007,exact,,no
HP:0030858,Addictive behavior,32709003,exact,,no
HP:0030863,Nasal flaring,21558008,broad,,yes
HP:0030863,Nasal flaring,248568003,broad,,yes
HP:0030864,Intercostal retractions,6442005,exact,,no
HP:0030867,Vertical orbital dystopia,253243008,exact,,no
HP:0030868,Monorchism,87310001,exact,,no
HP:0030869,Anorchism,371015003,exact,,no
HP:0030876,Increased pulmonary capillary wedge pressure,30261008,exact,,no
HP:0030880,Raynaud phenomenon,266261006,exact,,no
HP:0030883,Femoroacetabular impingement,432473000,exact,,no
HP:0040009,Hyperparakeratosis,125554003,exact,,no
HP:0040019,Finger clinodactyly,17268007,broad,,yes
HP:0040049,Macular edema,37231002,exact,,no
HP:0040064,Abnormality of limbs,445144002,exact,,no
HP:0040075,Hypopituitarism,74728003,exact,,no
HP:0040088,Abnormal lymphocyte count,165534000,exact,,no
HP:0040097,Neoplasm of the ceruminal gland,403945001,narrow,,yes
HP:0040097,Neoplasm of the ceruminal gland,52707009,narrow,,yes
HP:0040113,Old-aged sensorineural hearing impairment,49526009,exact,,no
HP:0040115,Abnormal Eustachian tube morphology,204250005,exact,,no
HP:0040116,Aplasia of the Eustachian tube,75231006,exact,,no
HP:0040118,Stenosis of the Eustachian tube,80101003,exact,,no
HP:0040138,Mucinous histiocytosis,87412005,exact,,no
HP:0040139,Lipogranulomatosis,189099001,narrow,,yes
HP:0040139,Lipogranulomatosis,36279001,narrow,,yes
HP:0040139,Lipogranulomatosis,416439000,narrow,,yes
HP:0040142,Reduced circulating 5-oxoprolinase activity,26132002,exact,,no
HP:0040144,L-2-hydroxyglutaric aciduria,237961001,exact,,no
HP:0040148,Cortical myoclonus,698835006,exact,,no
HP:0040154,Acne inversa,59393003,exact,,no
HP:0040160,Generalized osteoporosis,64859006,broad,,yes
HP:0040162,Orthokeratosis,708474007,exact,,no
HP:0040165,Periostitis,41910004,exact,,no
HP:0040167,Facial papilloma,240533004,exact,,no
HP:0040171,Decreased serum testosterone concentration,131078003,exact,,no
HP:0040181,Chapped lip,16459000,narrow,,yes
HP:0040181,Chapped lip,238751002,narrow,,yes
HP:0040181,Chapped lip,248182008,narrow,,yes
HP:0040181,Chapped lip,402294001,narrow,,yes
HP:0040182,Inappropriate sinus tachycardia,425582007,exact,,no
HP:0040183,Encopresis,302690004,exact,,no
HP:0040184,Oral bleeding,22490002,exact,,no
HP:0040186,Maculopapular exanthema,247471006,narrow,,yes
HP:0040186,Maculopapular exanthema,47725002,narrow,,yes
HP:0040187,Neonatal sepsis,206376005,exact,,no
HP:0040188,Osteochondrosis,19579005,exact,,no
HP:0040189,Scaling skin,14411002,narrow,,yes
HP:0040189,Scaling skin,271767006,narrow,,yes
HP:0040192,APUdoma,253008000,narrow,,yes
HP:0040192,APUdoma,74926005,narrow,,yes
HP:0040195,Decreased head circumference,271611007,broad,,yes
HP:0040197,Encephalomalacia,58762006,exact,,no
HP:0040212,Risus sardonicus,64314006,exact,,no
HP:0040213,Hypopnea,386614005,exact,,no
HP:0040242,Muscle hemorrhage,95422003,exact,,no
HP:0040261,Increased size of nasopharyngeal adenoids,111591002,narrow,,yes
HP:0040261,Increased size of nasopharyngeal adenoids,276442006,narrow,,yes
HP:0040262,Glue ear,78868004,exact,,no
HP:0040264,Jaw pain,274667000,broad,,yes
HP:0040269,Blocked Eustachian tube,48145001,exact,,no
HP:0040274,Adenocarcinoma of the small intestine,424440001,exact,,no
HP:0040275,Adenocarcinoma of the large intestine,408645001,exact,,no
HP:0045005,Neural tube defect,253098009,broad,,yes
HP:0045014,Hypolipidemia,238090007,exact,,no
HP:0045029,Eosinophilic fasciitis,24129002,exact,,no
HP:0045038,Gastric lymphoma,276811008,exact,,no
HP:0045047,HbS hemoglobin,50095005,exact,,no
HP:0045054,Brachial plexus neuropathy,3548001,exact,,no
HP:0100001,Malignant mesothelioma,62064005,exact,,no
HP:0100002,Pleural mesothelioma,254645002,exact,,no
HP:0100003,Peritoneal mesothelioma,109853004,exact,,no
HP:0100006,Neoplasm of the central nervous system,126951006,exact,,no
HP:0100007,Neoplasm of the peripheral nervous system,126980002,exact,,no
HP:0100008,Schwannoma,404022001,narrow,,yes
HP:0100008,Schwannoma,985004,broad,,yes
HP:0100009,Intracranial meningioma,302820008,exact,,no
HP:0100010,Spinal meningioma,189167009,exact,,no
HP:0100012,Neoplasm of the eye,371486001,exact,,no
HP:0100013,Neoplasm of the breast,126926005,exact,,no
HP:0100014,Epiretinal membrane,133853005,narrow,,yes
HP:0100014,Epiretinal membrane,367649002,narrow,,yes
HP:0100015,Stahl ear,253252004,exact,,no
HP:0100017,Capsular cataract,204125003,exact,,no
HP:0100018,Nuclear cataract,53889007,exact,,no
HP:0100019,Cortical cataract,193576003,exact,,no
HP:0100021,Cerebral palsy,128188000,exact,,no
HP:0100022,Abnormality of movement,60342002,exact,,no
HP:0100026,Arteriovenous malformation,234141001,narrow,,yes
HP:0100026,Arteriovenous malformation,24551003,narrow,,yes
HP:0100027,Recurrent pancreatitis,233870001,broad,,yes
HP:0100027,Recurrent pancreatitis,234689009,broad,,yes
HP:0100027,Recurrent pancreatitis,235494005,broad,,yes
HP:0100028,Ectopic thyroid,214660000,exact,,no
HP:0100029,Lingual thyroid,129123002,narrow,,yes
HP:0100029,Lingual thyroid,21279007,narrow,,yes
HP:0100031,Neoplasm of the thyroid gland,127018007,exact,,no
HP:0100242,Sarcoma,2424003,broad,,yes
HP:0100242,Sarcoma,269469005,broad,,yes
HP:0100242,Sarcoma,424413001,broad,,yes
HP:0100242,Sarcoma,424952003,broad,,yes
HP:0100243,Leiomyosarcoma,443719001,narrow,,yes
HP:0100243,Leiomyosarcoma,51549004,narrow,,yes
HP:0100244,Fibrosarcoma,443250000,narrow,,yes
HP:0100244,Fibrosarcoma,53654007,narrow,,yes
HP:0100245,Gastrointestinal desmoid tumor,399994005,narrow,,yes
HP:0100245,Gastrointestinal desmoid tumor,400055004,narrow,,yes
HP:0100245,Gastrointestinal desmoid tumor,47284001,narrow,,yes
HP:0100246,Osteoma,302858007,narrow,,yes
HP:0100246,Osteoma,83612000,narrow,,yes
HP:0100247,Recurrent singultus,65958008,exact,,no
HP:0100248,Hemiballismus,66637005,exact,,no
HP:0100249,Calcification of muscles,446993003,exact,,no
HP:0100252,Diaphyseal dysplasia,318761000119105,broad,,yes
HP:0100252,Diaphyseal dysplasia,34643004,broad,,yes
HP:0100255,Metaphyseal dysplasia,27837003,exact,,no
HP:0100256,Senile plaques,38551001,exact,,no
HP:0100257,Ectrodactyly,13624003,narrow,,yes
HP:0100257,Ectrodactyly,81208006,narrow,,yes
HP:0100258,Preaxial polydactyly,205135003,broad,,yes
HP:0100272,Branchial sinus,253259008,exact,,no
HP:0100273,Neoplasm of the colon,126838000,exact,,no
HP:0100279,Ulcerative colitis,64766004,exact,,no
HP:0100280,Crohn's disease,34000006,exact,,no
HP:0100281,Chronic colitis,54597004,exact,,no
HP:0100293,Hypertrophied muscle fibers,42091004,exact,,no
HP:0100295,Muscle fiber atrophy,67867005,exact,,no
HP:0100296,Perifascicular muscle fiber atrophy,87196003,exact,,no
HP:0100305,Ring fibers,47913008,exact,,no
HP:0100309,Subdural hemorrhage,35486000,narrow,,yes
HP:0100309,Subdural hemorrhage,95453001,narrow,,yes
HP:0100310,Epidural hemorrhage,428268007,narrow,,yes
HP:0100310,Epidural hemorrhage,82999001,narrow,,yes
HP:0100315,Lewy bodies,312991009,narrow,,yes
HP:0100315,Lewy bodies,43127003,narrow,,yes
HP:0100315,Lewy bodies,80098002,narrow,,yes
HP:0100316,Hirano bodies,57458003,exact,,no
HP:0100318,Lafora bodies,87554006,exact,,no
HP:0100320,Rosenthal fibers,84605001,exact,,no
HP:0100324,Scleroderma,403524003,narrow,,yes
HP:0100324,Scleroderma,89155008,narrow,,yes
HP:0100327,Cow milk allergy,15911003,exact,,no
HP:0100333,Unilateral cleft lip,304067009,exact,laterality,no
HP:0100336,Bilateral cleft lip,304068004,exact,laterality,no
HP:0100490,Camptodactyly of finger,202281000,exact,,no
HP:0100494,Abnormal mast cell morphology,397017008,exact,,no
HP:0100495,Mastocytosis,125541005,narrow,,yes
HP:0100495,Mastocytosis,397007003,narrow,,yes
HP:0100502,Decreased circulating vitamin B12 concentration,190634004,exact,,no
HP:0100503,Decreased circulating vitamin B1 concentration,399357009,exact,,no
HP:0100504,Decreased circulating vitamin B2 concentration,20307000,exact,,no
HP:0100507,Decreased circulating folate concentration,190633005,exact,,no
HP:0100510,Decreased circulating vitamin C concentration,76169001,exact,,no
HP:0100512,Decreased circulating vitamin D concentration,34713006,exact,,no
HP:0100513,Decreased circulating vitamin E concentration,54137008,exact,,no
HP:0100515,Pollakisuria,162116003,narrow,,yes
HP:0100515,Pollakisuria,300471006,narrow,,yes
HP:0100516,Neoplasm of the ureter,126882009,narrow,,yes
HP:0100516,Neoplasm of the ureter,363458004,narrow,,yes
HP:0100517,Neoplasm of the urethra,126883004,exact,,no
HP:0100518,Dysuria,49650001,exact,,no
HP:0100519,Anuria,2472002,exact,,no
HP:0100520,Oliguria,718403007,narrow,,yes
HP:0100520,Oliguria,83128009,narrow,,yes
HP:0100521,Neoplasm of the thymus,127231009,exact,,no
HP:0100522,Thymoma,128856005,narrow,,yes
HP:0100522,Thymoma,444231005,narrow,,yes
HP:0100523,Liver abscess,27916005,exact,,no
HP:0100524,Limb duplication,34488005,exact,,no
HP:0100525,Urachus fistula,398320008,narrow,,yes
HP:0100525,Urachus fistula,50986000,narrow,,yes
HP:0100526,Neoplasm of the lung,126713003,exact,,no
HP:0100528,Pleuropulmonary blastoma,128763002,narrow,,yes
HP:0100528,Pleuropulmonary blastoma,707670009,narrow,,yes
HP:0100532,Scleritis,78370002,exact,,no
HP:0100534,Episcleritis,815008,exact,,no
HP:0100537,Fasciitis,36948007,exact,,no
HP:0100539,Periorbital edema,109245003,narrow,,yes
HP:0100539,Periorbital edema,267041004,narrow,,yes
HP:0100539,Periorbital edema,49563000,narrow,,yes
HP:0100540,Palpebral edema,89091004,exact,,no
HP:0100541,Femoral hernia,50063009,exact,,no
HP:0100543,Cognitive impairment,386806002,exact,,no
HP:0100544,Neoplasm of the heart,387842002,exact,,no
HP:0100545,Arterial stenosis,68109007,exact,,no
HP:0100546,Carotid artery stenosis,64586002,exact,,no
HP:0100548,Exstrophy,110407002,exact,,no
HP:0100550,Tendon rupture,415749005,exact,,no
HP:0100551,Neoplasm of the trachea,126703006,exact,,no
HP:0100553,Hemihypertrophy of lower limb,205369009,exact,,no
HP:0100554,Hemihypertrophy of upper limb,253920006,exact,,no
HP:0100556,Hemiatrophy,34087007,exact,,no
HP:0100557,Hemiatrophy of lower limb,709411004,exact,,no
HP:0100558,Hemiatrophy of upper limb,253921005,exact,,no
HP:0100559,Lower limb asymmetry,45939007,exact,,no
HP:0100562,Diplomyelia,360527003,exact,,no
HP:0100565,Hydromyelia,11197005,narrow,,yes
HP:0100565,Hydromyelia,74740003,narrow,,yes
HP:0100566,Amyelia,78784005,exact,,no
HP:0100568,Neoplasm of the endocrine system,387922007,narrow,,yes
HP:0100568,Neoplasm of the endocrine system,387927001,narrow,,yes
HP:0100570,Carcinoid tumor,189607006,narrow,,yes
HP:0100570,Carcinoid tumor,443492008,narrow,,yes
HP:0100574,Biliary tract neoplasm,126853008,exact,,no
HP:0100575,Neoplasm of the gallbladder,126854002,exact,,no
HP:0100576,Amaurosis fugax,88032003,exact,,no
HP:0100577,Urinary bladder inflammation,38822007,exact,,no
HP:0100578,Lipoatrophy,248315005,exact,,no
HP:0100580,Barrett esophagus,302914006,exact,,no
HP:0100582,Nasal polyposis,52756005,exact,,no
HP:0100583,Corneal perforation,74895004,exact,,no
HP:0100584,Endocarditis,56819008,exact,,no
HP:0100588,Paraphimosis,13758004,exact,,no
HP:0100590,Rectal fistula,80736008,exact,,no
HP:0100592,Peritoneal abscess,73962000,exact,,no
HP:0100594,Esophageal web,19216006,narrow,,yes
HP:0100594,Esophageal web,22395006,narrow,,yes
HP:0100595,Camptocormia,13534001,exact,,no
HP:0100598,Pulmonary edema,19242006,exact,,no
HP:0100599,Bifid penis,253851000,exact,,no
HP:0100600,Penoscrotal transposition,312005008,exact,,no
HP:0100601,Eclampsia,15938005,exact,,no
HP:0100602,Preeclampsia,15394000,broad,,yes
HP:0100602,Preeclampsia,398254007,broad,,yes
HP:0100603,Toxemia of pregnancy,15394000,broad,,yes
HP:0100603,Toxemia of pregnancy,398254007,broad,,yes
HP:0100604,Neoplasm of the lip,126770008,exact,,no
HP:0100605,Neoplasm of the larynx,126692004,exact,,no
HP:0100606,Neoplasm of the respiratory system,126667002,narrow,,yes
HP:0100606,Neoplasm of the respiratory system,448708002,narrow,,yes
HP:0100607,Dysmenorrhea,266599000,narrow,,yes
HP:0100607,Dysmenorrhea,289900009,narrow,,yes
HP:0100607,Dysmenorrhea,431416001,narrow,,yes
HP:0100608,Metrorrhagia,19155002,narrow,,yes
HP:0100608,Metrorrhagia,237130006,narrow,,yes
HP:0100608,Metrorrhagia,64996003,narrow,,yes
HP:0100612,Odontogenic neoplasm,127578009,narrow,,yes
HP:0100612,Odontogenic neoplasm,3833004,narrow,,yes
HP:0100614,Myositis,128496001,broad,,yes
HP:0100614,Myositis,26889001,broad,,yes
HP:0100615,Ovarian neoplasm,123843001,exact,,no
HP:0100617,Testicular seminoma,255107005,narrow,,yes
HP:0100617,Testicular seminoma,36741007,narrow,,yes
HP:0100617,Testicular seminoma,443675005,narrow,,yes
HP:0100620,Germinoma,28307001,exact,,no
HP:0100621,Dysgerminoma,60718004,exact,,no
HP:0100626,Chronic hepatic failure,235886005,exact,,no
HP:0100628,Esophageal diverticulum,204667006,narrow,,yes
HP:0100628,Esophageal diverticulum,414133009,narrow,,yes
HP:0100630,Neoplasia of the nasopharynx,126680004,exact,,no
HP:0100631,Neoplasm of the adrenal gland,127021009,exact,,no
HP:0100632,Pulmonary sequestration,18620009,exact,,no
HP:0100633,Esophagitis,16761005,exact,,no
HP:0100634,Neuroendocrine neoplasm,128928004,narrow,,yes
HP:0100634,Neuroendocrine neoplasm,255046005,narrow,,yes
HP:0100638,Neoplasm of the pharynx,126685009,exact,,no
HP:0100640,Laryngeal cyst,195867000,exact,,no
HP:0100641,Neoplasm of the adrenal cortex,127022002,narrow,,yes
HP:0100641,Neoplasm of the adrenal cortex,18365006,broad,,yes
HP:0100642,Neoplasm of the adrenal medulla,127023007,exact,,no
HP:0100644,Melanonychia,402633003,exact,,no
HP:0100645,Cystocele,252005008,exact,,no
HP:0100646,Thyroiditis,82119001,exact,,no
HP:0100647,Graves disease,353295004,narrow,,yes
HP:0100647,Graves disease,55807009,narrow,,yes
HP:0100648,Neoplasm of the tongue,126778001,exact,,no
HP:0100649,Neoplasm of the oral cavity,1071000119107,narrow,,yes
HP:0100649,Neoplasm of the oral cavity,126797001,narrow,,yes
HP:0100649,Neoplasm of the oral cavity,235075007,narrow,,yes
HP:0100650,Vaginal neoplasm,126921000,exact,,no
HP:0100651,Type I diabetes mellitus,46635009,exact,,no
HP:0100653,Optic neuritis,66760008,exact,,no
HP:0100654,Retrobulbar optic neuritis,230507009,exact,,no
HP:0100657,Thoracoabdominal eventration,44518003,exact,,no
HP:0100658,Cellulitis,128045006,narrow,,yes
HP:0100658,Cellulitis,128936008,narrow,,yes
HP:0100658,Cellulitis,385627004,narrow,,yes
HP:0100660,Dyskinesia,9748009,exact,,no
HP:0100661,Trigeminal neuralgia,31681005,exact,,no
HP:0100662,Chondritis,46176001,exact,,no
HP:0100663,Synotia,77471004,exact,,no
HP:0100665,Angioedema,400075008,narrow,,yes
HP:0100665,Angioedema,41291007,narrow,,yes
HP:0100668,Intestinal duplication,3845008,exact,,no
HP:0100673,Vaginal hydrocele,26614003,broad,,yes
HP:0100673,Vaginal hydrocele,386152007,broad,,yes
HP:0100673,Vaginal hydrocele,55434001,broad,,yes
HP:0100677,Vulval varicose vein,48868008,exact,,no
HP:0100678,Premature skin wrinkling,247434009,exact,,no
HP:0100679,Lack of skin elasticity,297957009,exact,,no
HP:0100681,Esophageal duplication,66865009,exact,,no
HP:0100682,Tracheal atresia,53189005,exact,,no
HP:0100684,Salivary gland neoplasm,235132004,narrow,,yes
HP:0100684,Salivary gland neoplasm,255072001,narrow,,yes
HP:0100686,Enthesitis,359643005,exact,,no
HP:0100687,Polyotia,35547002,exact,,no
HP:0100689,Decreased corneal thickness,423459005,exact,,no
HP:0100693,Iridodonesis,118166004,exact,,no
HP:0100694,Tibial torsion,249785006,exact,,no
HP:0100695,Lipedema,234102003,exact,,no
HP:0100697,Malignant peripheral nerve sheath tumor,19897006,narrow,,yes
HP:0100697,Malignant peripheral nerve sheath tumor,404037002,narrow,,yes
HP:0100697,Malignant peripheral nerve sheath tumor,77418004,narrow,,yes
HP:0100698,Subcutaneous neurofibroma,425327002,exact,,no
HP:0100699,Scarring,48677004,exact,,no
HP:0100702,Arachnoid cyst,33595009,exact,,no
HP:0100703,Tongue thrusting,110343009,narrow,,yes
HP:0100703,Tongue thrusting,424583005,narrow,,yes
HP:0100704,Cerebral visual impairment,413924001,narrow,,yes
HP:0100704,Cerebral visual impairment,68574006,narrow,,yes
HP:0100716,Self-injurious behavior,248062006,exact,,no
HP:0100718,Uterine rupture,34430009,exact,,no
HP:0100719,Lens coloboma,204134008,exact,,no
HP:0100721,Mediastinal lymphadenopathy,52324001,exact,,no
HP:0100723,Gastrointestinal stroma tumor,128755003,narrow,,yes
HP:0100723,Gastrointestinal stroma tumor,420120006,narrow,,yes
HP:0100724,Hypercoagulability,234467004,narrow,,yes
HP:0100724,Hypercoagulability,76612001,narrow,,yes
HP:0100725,Lichenification,19940005,narrow,,yes
HP:0100725,Lichenification,402237006,narrow,,yes
HP:0100726,Kaposi's sarcoma,109385007,narrow,,yes
HP:0100726,Kaposi's sarcoma,49937004,narrow,,yes
HP:0100727,Histiocytosis,60657004,narrow,,yes
HP:0100727,Histiocytosis,65396000,narrow,,yes
HP:0100730,Bronchogenic cyst,268194008,narrow,,yes
HP:0100730,Bronchogenic cyst,9550003,narrow,,yes
HP:0100732,Pancreatic fibrosis,25942009,exact,,no
HP:0100733,Neoplasm of the parathyroid gland,127020005,exact,,no
HP:0100735,Hypertensive crisis,706882009,exact,,no
HP:0100739,Bulimia,78004001,exact,,no
HP:0100742,Vascular neoplasm,115235003,narrow,,yes
HP:0100742,Vascular neoplasm,126736007,narrow,,yes
HP:0100742,Vascular neoplasm,699605009,narrow,,yes
HP:0100743,Neoplasm of the rectum,126847008,exact,,no
HP:0100746,Macrodactyly of finger,297195000,exact,,no
HP:0100749,Chest pain,29857009,exact,,no
HP:0100750,Atelectasis,46621007,exact,,no
HP:0100751,Esophageal neoplasm,126817006,exact,,no
HP:0100752,Abnormal liver lobulation,253811003,exact,,no
HP:0100753,Schizophrenia,191526005,narrow,,yes
HP:0100753,Schizophrenia,58214004,narrow,,yes
HP:0100754,Mania,231494001,exact,,no
HP:0100757,Pancreatoblastoma,53618008,exact,,no
HP:0100758,Gangrene,36024000,narrow,,yes
HP:0100758,Gangrene,372070002,narrow,,yes
HP:0100759,Clubbing of fingers,30760008,exact,,no
HP:0100760,Clubbing of toes,249808002,broad,,yes
HP:0100760,Clubbing of toes,397932003,broad,,yes
HP:0100760,Clubbing of toes,53148007,narrow,,yes
HP:0100762,Hemobilia,66556007,exact,,no
HP:0100763,Abnormality of the lymphatic system,111590001,narrow,,yes
HP:0100763,Abnormality of the lymphatic system,234087005,narrow,,yes
HP:0100763,Abnormality of the lymphatic system,3305006,narrow,,yes
HP:0100763,Abnormality of the lymphatic system,362971004,narrow,,yes
HP:0100764,Lymphangioma,253057002,narrow,,yes
HP:0100764,Lymphangioma,254836000,narrow,,yes
HP:0100764,Lymphangioma,400178008,narrow,,yes
HP:0100764,Lymphangioma,69044001,narrow,,yes
HP:0100767,Abnormal placenta morphology,169957005,narrow,,yes
HP:0100767,Abnormal placenta morphology,33552005,narrow,,yes
HP:0100768,Choriocarcinoma,188188009,narrow,,yes
HP:0100768,Choriocarcinoma,44769000,narrow,,yes
HP:0100769,Synovitis,416209007,exact,,no
HP:0100770,Hyperperistalsis,271838002,narrow,,yes
HP:0100770,Hyperperistalsis,80306002,narrow,,yes
HP:0100771,Hypoperistalsis,77853002,exact,,no
HP:0100774,Hyperostosis,13814009,narrow,,yes
HP:0100774,Hyperostosis,203514008,narrow,,yes
HP:0100777,Exostoses,416189003,narrow,,yes
HP:0100777,Exostoses,80400009,narrow,,yes
HP:0100778,Cryoglobulinemia,30911005,exact,,no
HP:0100783,Breast aplasia,111324004,exact,,no
HP:0100785,Insomnia,193462001,exact,,no
HP:0100787,Prostate neoplasm,126906006,exact,,no
HP:0100789,Torus palatinus,244683008,narrow,,yes
HP:0100789,Torus palatinus,46752004,narrow,,yes
HP:0100789,Torus palatinus,697945009,narrow,,yes
HP:0100790,Hernia,414403008,narrow,,yes
HP:0100790,Hernia,52515009,narrow,,yes
HP:0100792,Acantholysis,43327007,narrow,,yes
HP:0100792,Acantholysis,441837004,narrow,,yes
HP:0100796,Orchitis,274718005,exact,,no
HP:0100799,Neoplasm of the middle ear,127006003,exact,,no
HP:0100804,Ungual fibroma,264561009,exact,,no
HP:0100808,Gastric diverticulum,75198005,exact,,no
HP:0100809,Scalp tenderness,75851004,exact,,no
HP:0100812,Halitosis,79879001,exact,,no
HP:0100813,Testicular torsion,49198006,narrow,,yes
HP:0100813,Testicular torsion,81996005,narrow,,yes
HP:0100817,Renovascular hypertension,123799005,exact,,no
HP:0100818,Long thorax,298710001,exact,,no
HP:0100819,Intestinal fistula,38851006,exact,,no
HP:0100820,Glomerulopathy,197679002,exact,,no
HP:0100821,Urethrocele,12068006,exact,,no
HP:0100822,Rectocele,447072005,narrow,,yes
HP:0100822,Rectocele,62730001,narrow,,yes
HP:0100825,Cheilitis,7847004,exact,,no
HP:0100827,Increased total lymphocyte count,67023009,exact,,no
HP:0100832,Vitreous floaters,15013002,narrow,,yes
HP:0100832,Vitreous floaters,162278001,narrow,,yes
HP:0100832,Vitreous floaters,420999000,narrow,,yes
HP:0100833,Neoplasm of the small intestine,126832004,exact,,no
HP:0100834,Neoplasm of the large intestine,126837005,exact,,no
HP:0100835,Benign neoplasm of the central nervous system,92048008,exact,,no
HP:0100836,Malignant neoplasm of the central nervous system,372062007,exact,,no
HP:0100837,Atrophodermia vermiculata,400059005,narrow,,yes
HP:0100837,Atrophodermia vermiculata,400126005,narrow,,yes
HP:0100839,Hepatic agenesis,3650004,exact,,no
HP:0100841,Microgastria,83714006,exact,,no
HP:0100842,Septo-optic dysplasia,7611002,exact,,no
HP:0100844,Pancreatic fistula,25803005,exact,,no
HP:0100845,Anaphylactic shock,39579001,exact,,no
HP:0100847,Palmoplantar pustulosis,27520001,exact,,no
HP:0100849,Neoplasm of the scrotum,126905005,exact,,no
HP:0100850,Neoplasm of the penis,126896003,exact,,no
HP:0100858,Dilatation of celiac artery,111290000,exact,,no
HP:0100859,Dilatation of superior mesenteric artery,65498003,exact,,no
HP:0100860,Dilatation of Inferior mesenteric artery,195289005,exact,,no
HP:0100867,Duodenal stenosis,73120006,exact,,no
HP:0100877,Renal diverticulum,433036004,exact,,no
HP:0100878,Enlarged uterus,198319004,exact,,no
HP:0100879,Enlarged ovaries,66998000,exact,,no
HP:0100880,Nephrogenic rest,405933007,exact,,no
HP:0100882,Fibrous hamartoma,22257004,narrow,,yes
HP:0100882,Fibrous hamartoma,56364004,narrow,,yes
HP:0100883,Chorangioma,2099007,broad,,yes
HP:0100883,Chorangioma,237268002,narrow,,yes
HP:0100883,Chorangioma,699948001,narrow,,yes
HP:0100884,Compensatory scoliosis,203645000,exact,,no
HP:0100890,Cyst of the ductus choledochus,397868007,narrow,,yes
HP:0100890,Cyst of the ductus choledochus,398197009,narrow,,yes
HP:0100890,Cyst of the ductus choledochus,440471007,narrow,,yes
HP:0100896,Rectal polyposis,39772007,exact,,no
HP:0100898,Connective tissue nevi,22858003,narrow,,yes
HP:0100898,Connective tissue nevi,400091006,narrow,,yes
HP:0100950,Decreased 3-hydroxyacyl-CoA dehydrogenase level,237999008,exact,,no
HP:0100963,Hyperesthesia,14151009,exact,,no
HP:0200016,Acrokeratosis,46629009,exact,,no
HP:0200018,Protanomaly,51445007,broad,,yes
HP:0200020,Corneal erosion,50792001,exact,,no
HP:0200022,Choroid plexus papilloma,18021007,exact,,no
HP:0200023,Priapism,6273006,exact,,no
HP:0200025,Mandibular pain,274667000,broad,,yes
HP:0200026,Ocular pain,41652007,exact,,no
HP:0200028,Pretibial myxedema,237825005,narrow,,yes
HP:0200028,Pretibial myxedema,78146007,narrow,,yes
HP:0200029,Vasculitis in the skin,53312001,exact,,no
HP:0200032,Kayser-Fleischer ring,77103006,exact,,no
HP:0200034,Papule,25694009,narrow,,yes
HP:0200034,Papule,443871003,narrow,,yes
HP:0200035,Skin plaque,128177006,narrow,,yes
HP:0200035,Skin plaque,276322001,narrow,,yes
HP:0200036,Skin nodule,95319004,exact,,no
HP:0200039,Pustule,103605005,narrow,,yes
HP:0200039,Pustule,271760008,narrow,,yes
HP:0200039,Pustule,285305004,narrow,,yes
HP:0200039,Pustule,47002008,narrow,,yes
HP:0200040,Epidermoid cyst,399999000,narrow,,yes
HP:0200040,Epidermoid cyst,417992006,narrow,,yes
HP:0200040,Epidermoid cyst,418323001,narrow,,yes
HP:0200040,Epidermoid cyst,418630001,narrow,,yes
HP:0200040,Epidermoid cyst,419603000,narrow,,yes
HP:0200040,Epidermoid cyst,419670003,narrow,,yes
HP:0200040,Epidermoid cyst,419893006,narrow,,yes
HP:0200041,Skin erosion,93448009,exact,,no
HP:0200042,Skin ulcer,46742003,exact,,no
HP:0200043,Verrucae,30285000,narrow,,yes
HP:0200043,Verrucae,57019003,narrow,,yes
HP:0200044,Porokeratosis,80432009,exact,,no
HP:0200046,Cat cry,42712003,exact,,no
HP:0200048,Cyanotic episode,301795004,exact,,no
HP:0200055,Small hand,299032009,exact,,no
HP:0200056,Macular scar,18410006,exact,,no
HP:0200057,Marcus Gunn pupil,232122003,narrow,,yes
HP:0200057,Marcus Gunn pupil,247015002,narrow,,yes
HP:0200058,Angiosarcoma,33176006,narrow,,yes
HP:0200058,Angiosarcoma,39000009,narrow,,yes
HP:0200058,Angiosarcoma,403977003,narrow,,yes
HP:0200063,Colorectal polyposis,399505005,exact,,no
HP:0200064,Asymmetry of iris pigmentation,247033008,broad,,yes
HP:0200084,Giant cell hepatitis,69800000,exact,,no
HP:0200114,Metabolic alkalosis,1388004,exact,,no
HP:0200119,Acute hepatitis,37871000,exact,,no
HP:0200120,Chronic active hepatitis,197284004,exact,,no
HP:0200123,Chronic hepatitis,76783007,exact,,no
HP:0200136,Oral-pharyngeal dysphagia,71457002,exact,,no
HP:0200146,Mucoid extracellular matrix accumulation,234021009,broad,,yes
HP:0200146,Mucoid extracellular matrix accumulation,42182000,broad,,yes
HP:0200146,Mucoid extracellular matrix accumulation,45894003,broad,,yes
HP:0200149,CSF lymphocytic pleiocytosis,167719009,exact,,no
HP:0200151,Cutaneous mastocytosis,397012002,narrow,,yes
HP:0200151,Cutaneous mastocytosis,703827008,narrow,,yes
HP:0400000,Tall chin,471397004,exact,,no
HP:0400007,Polymenorrhea,52754008,exact,,no
HP:0400008,Menometrorrhagia,314631008,narrow,,yes
HP:0400008,Menometrorrhagia,351814001,narrow,,yes
HP:0410005,Cleft hard palate,448915004,exact,laterality,no
HP:0430006,Ectopic cilia of eyelid,95504004,exact,,no
HP:0430007,Symblepharon,90216006,exact,,no
HP:0430008,Accessory eyelid,24606006,exact,,no
HP:0430009,Hypoplasia of eyelid,204203001,exact,,no
HP:0430010,Microblepharia,94684003,exact,,no
HP:0430012,Incomplete ossification of palatine bone,93595006,exact,,no
HP:0430028,Hyperplasia of the maxilla,28070007,exact,,no
